date,time,windcode,term,voltype,bidvol,askvol,midvol
2024-10-08,16:00:00,USDCNY.IB,180D,ATM,5.219,5.219,5.219
2024-10-08,16:00:00,USDCNY.IB,30D,ATM,6.6,7.2,6.9
2024-10-08,16:00:00,USDCNY.IB,360D,ATM,5.125,5.125,5.125
2024-10-08,16:00:00,USDCNY.IB,540D,ATM,4.5,5.5,5.0
2024-10-08,16:00:00,USDCNY.IB,720D,ATM,5.03,5.63,5.33
2024-10-08,16:00:00,USDCNY.IB,7D,ATM,5.3,5.9,5.6
2024-10-08,16:00:00,USDCNY.IB,90D,ATM,5.5,6.5,6.0
2024-10-09,16:00:00,USDCNY.IB,180D,ATM,5.25,5.25,5.25
2024-10-09,16:00:00,USDCNY.IB,30D,ATM,6.7,7.3,7.0
2024-10-09,16:00:00,USDCNY.IB,360D,ATM,5.114,5.114,5.114
2024-10-09,16:00:00,USDCNY.IB,540D,ATM,4.5,5.5,5.0
2024-10-09,16:00:00,USDCNY.IB,720D,ATM,5.03,5.63,5.33
2024-10-09,16:00:00,USDCNY.IB,7D,ATM,5.0,6.0,5.488
2024-10-09,16:00:00,USDCNY.IB,90D,ATM,5.7,6.0,5.828
2024-10-10,16:00:00,USDCNY.IB,180D,ATM,5.283,5.283,5.283
2024-10-10,16:00:00,USDCNY.IB,30D,ATM,6.5,7.0,6.75
2024-10-10,16:00:00,USDCNY.IB,360D,ATM,5.124,5.124,5.124
2024-10-10,16:00:00,USDCNY.IB,540D,ATM,4.5,5.5,5.0
2024-10-10,16:00:00,USDCNY.IB,720D,ATM,5.03,5.63,5.33
2024-10-10,16:00:00,USDCNY.IB,7D,ATM,5.3,5.5,5.4
2024-10-10,16:00:00,USDCNY.IB,90D,ATM,5.75,5.95,5.875
2024-10-11,16:00:00,USDCNY.IB,180D,ATM,5.37,5.37,5.37
2024-10-11,16:00:00,USDCNY.IB,30D,ATM,6.5,6.95,6.725
2024-10-11,16:00:00,USDCNY.IB,360D,ATM,5.172,5.172,5.172
2024-10-11,16:00:00,USDCNY.IB,540D,ATM,4.5,5.6,5.05
2024-10-11,16:00:00,USDCNY.IB,720D,ATM,5.08,5.67,5.375
2024-10-11,16:00:00,USDCNY.IB,7D,ATM,4.8,5.2,5.001
2024-10-11,16:00:00,USDCNY.IB,90D,ATM,5.85,5.95,5.889
2024-10-14,16:00:00,USDCNY.IB,180D,ATM,5.369,5.369,5.369
2024-10-14,16:00:00,USDCNY.IB,30D,ATM,6.75,6.95,6.821
2024-10-14,16:00:00,USDCNY.IB,360D,ATM,5.175,5.175,5.175
2024-10-14,16:00:00,USDCNY.IB,540D,ATM,4.5,5.6,5.05
2024-10-14,16:00:00,USDCNY.IB,720D,ATM,5.08,5.67,5.375
2024-10-14,16:00:00,USDCNY.IB,7D,ATM,4.0,5.0,4.5
2024-10-14,16:00:00,USDCNY.IB,90D,ATM,5.8,5.925,5.908
2024-10-15,16:00:00,USDCNY.IB,180D,ATM,5.341,5.341,5.341
2024-10-15,16:00:00,USDCNY.IB,30D,ATM,6.6,7.0,6.798
2024-10-15,16:00:00,USDCNY.IB,360D,ATM,5.161,5.161,5.161
2024-10-15,16:00:00,USDCNY.IB,540D,ATM,4.5,5.6,5.05
2024-10-15,16:00:00,USDCNY.IB,720D,ATM,5.08,5.67,5.375
2024-10-15,16:00:00,USDCNY.IB,7D,ATM,4.8,5.0,4.9
2024-10-15,16:00:00,USDCNY.IB,90D,ATM,5.75,5.9,5.806
2024-10-16,16:00:00,USDCNY.IB,180D,ATM,5.375,5.375,5.375
2024-10-16,16:00:00,USDCNY.IB,30D,ATM,6.7,7.0,6.851
2024-10-16,16:00:00,USDCNY.IB,360D,ATM,5.162,5.162,5.162
2024-10-16,16:00:00,USDCNY.IB,540D,ATM,4.5,5.6,5.05
2024-10-16,16:00:00,USDCNY.IB,720D,ATM,5.08,5.67,5.375
2024-10-16,16:00:00,USDCNY.IB,7D,ATM,4.6,5.0,4.788
2024-10-16,16:00:00,USDCNY.IB,90D,ATM,5.75,6.0,5.875
2024-10-17,16:00:00,USDCNY.IB,180D,ATM,5.4,5.4,5.4
2024-10-17,16:00:00,USDCNY.IB,30D,ATM,6.4,6.8,6.608
2024-10-17,16:00:00,USDCNY.IB,360D,ATM,5.15,5.25,5.212
2024-10-17,16:00:00,USDCNY.IB,540D,ATM,4.5,5.6,5.05
2024-10-17,16:00:00,USDCNY.IB,720D,ATM,5.13,5.72,5.425
2024-10-17,16:00:00,USDCNY.IB,7D,ATM,4.3,4.5,4.5
2024-10-17,16:00:00,USDCNY.IB,90D,ATM,5.8,6.0,5.9
2024-10-18,16:00:00,USDCNY.IB,180D,ATM,5.425,5.425,5.425
2024-10-18,16:00:00,USDCNY.IB,30D,ATM,6.4,7.2,6.644
2024-10-18,16:00:00,USDCNY.IB,360D,ATM,5.242,5.242,5.242
2024-10-18,16:00:00,USDCNY.IB,540D,ATM,4.5,5.6,5.05
2024-10-18,16:00:00,USDCNY.IB,720D,ATM,5.15,5.75,5.45
2024-10-18,16:00:00,USDCNY.IB,7D,ATM,4.15,4.5,4.231
2024-10-18,16:00:00,USDCNY.IB,90D,ATM,5.8,6.0,5.925
2024-10-21,16:00:00,USDCNY.IB,180D,ATM,5.35,5.475,5.412
2024-10-21,16:00:00,USDCNY.IB,30D,ATM,6.55,6.65,6.6
2024-10-21,16:00:00,USDCNY.IB,360D,ATM,5.25,5.25,5.25
2024-10-21,16:00:00,USDCNY.IB,540D,ATM,4.5,5.6,5.05
2024-10-21,16:00:00,USDCNY.IB,720D,ATM,5.15,5.75,5.45
2024-10-21,16:00:00,USDCNY.IB,7D,ATM,3.6,4.2,3.7
2024-10-21,16:00:00,USDCNY.IB,90D,ATM,5.85,6.0,5.925
2024-10-23,16:00:00,USDCNY.IB,180D,ATM,5.3,5.425,5.4
2024-10-23,16:00:00,USDCNY.IB,30D,ATM,6.55,6.8,6.638
2024-10-23,16:00:00,USDCNY.IB,360D,ATM,5.248,5.248,5.248
2024-10-23,16:00:00,USDCNY.IB,540D,ATM,5.3,5.4,5.35
2024-10-23,16:00:00,USDCNY.IB,720D,ATM,5.15,5.75,5.45
2024-10-23,16:00:00,USDCNY.IB,7D,ATM,3.2,3.8,3.5
2024-10-23,16:00:00,USDCNY.IB,90D,ATM,5.8,5.95,5.875
2024-10-24,16:00:00,USDCNY.IB,180D,ATM,5.4,5.4,5.4
2024-10-24,16:00:00,USDCNY.IB,30D,ATM,6.3,6.5,6.462
2024-10-24,16:00:00,USDCNY.IB,360D,ATM,5.2,5.275,5.25
2024-10-24,16:00:00,USDCNY.IB,540D,ATM,5.3,5.4,5.35
2024-10-24,16:00:00,USDCNY.IB,720D,ATM,5.15,5.75,5.45
2024-10-24,16:00:00,USDCNY.IB,7D,ATM,2.8,3.8,3.6
2024-10-24,16:00:00,USDCNY.IB,90D,ATM,5.8,5.9,5.862
2024-10-25,16:00:00,USDCNY.IB,180D,ATM,5.35,5.45,5.416
2024-10-25,16:00:00,USDCNY.IB,30D,ATM,6.3,6.6,6.406
2024-10-25,16:00:00,USDCNY.IB,360D,ATM,5.2,5.235,5.231
2024-10-25,16:00:00,USDCNY.IB,540D,ATM,5.35,5.35,5.35
2024-10-25,16:00:00,USDCNY.IB,720D,ATM,5.13,5.72,5.425
2024-10-25,16:00:00,USDCNY.IB,7D,ATM,3.2,3.8,3.503
2024-10-25,16:00:00,USDCNY.IB,90D,ATM,5.8,5.85,5.85
2024-10-28,16:00:00,USDCNY.IB,180D,ATM,5.375,5.45,5.4057
2024-10-28,16:00:00,USDCNY.IB,30D,ATM,6.35,6.8,6.4237
2024-10-28,16:00:00,USDCNY.IB,360D,ATM,5.2369,5.2369,5.2369
2024-10-28,16:00:00,USDCNY.IB,540D,ATM,5.13,5.72,5.425
2024-10-28,16:00:00,USDCNY.IB,720D,ATM,5.13,5.72,5.425
2024-10-28,16:00:00,USDCNY.IB,7D,ATM,3.5,4.1,3.8723
2024-10-28,16:00:00,USDCNY.IB,90D,ATM,5.775,5.9,5.8359
2024-10-29,16:00:00,USDCNY.IB,180D,ATM,5.5,5.5,5.5
2024-10-29,16:00:00,USDCNY.IB,30D,ATM,7.0,7.5,7.0053
2024-10-29,16:00:00,USDCNY.IB,360D,ATM,5.25,5.3,5.275
2024-10-29,16:00:00,USDCNY.IB,540D,ATM,5.13,5.72,5.425
2024-10-29,16:00:00,USDCNY.IB,720D,ATM,5.13,5.72,5.425
2024-10-29,16:00:00,USDCNY.IB,7D,ATM,4.35,4.35,4.35
2024-10-29,16:00:00,USDCNY.IB,90D,ATM,6.0,6.1,6.0217
2024-10-30,16:00:00,USDCNY.IB,180D,ATM,5.45,5.525,5.5
2024-10-30,16:00:00,USDCNY.IB,30D,ATM,7.0,7.45,7.225
2024-10-30,16:00:00,USDCNY.IB,360D,ATM,5.275,5.325,5.2985
2024-10-30,16:00:00,USDCNY.IB,540D,ATM,5.17,5.78,5.475
2024-10-30,16:00:00,USDCNY.IB,720D,ATM,5.17,5.78,5.475
2024-10-30,16:00:00,USDCNY.IB,7D,ATM,8.7,9.3,9.0
2024-10-30,16:00:00,USDCNY.IB,90D,ATM,5.9,6.1,6.0401
2024-10-31,16:00:00,USDCNY.IB,180D,ATM,5.35,5.6,5.3625
2024-10-31,16:00:00,USDCNY.IB,30D,ATM,6.6,7.3,6.95
2024-10-31,16:00:00,USDCNY.IB,360D,ATM,5.1,5.2,5.187
2024-10-31,16:00:00,USDCNY.IB,540D,ATM,4.9,5.5,5.2
2024-10-31,16:00:00,USDCNY.IB,720D,ATM,4.9,5.5,5.2
2024-10-31,16:00:00,USDCNY.IB,7D,ATM,6.6,9.0,7.8
2024-10-31,16:00:00,USDCNY.IB,90D,ATM,5.75,6.0,5.8667
2024-11-01,16:00:00,USDCNY.IB,180D,ATM,5.25,5.325,5.275
2024-11-01,16:00:00,USDCNY.IB,30D,ATM,6.7576,6.7576,6.7576
2024-11-01,16:00:00,USDCNY.IB,360D,ATM,5.15,5.15,5.15
2024-11-01,16:00:00,USDCNY.IB,540D,ATM,4.9,5.5,5.2
2024-11-01,16:00:00,USDCNY.IB,720D,ATM,4.9,5.5,5.2
2024-11-01,16:00:00,USDCNY.IB,7D,ATM,7.5,10.0,8.75
2024-11-01,16:00:00,USDCNY.IB,90D,ATM,5.65,5.7,5.658
2024-11-04,16:00:00,USDCNY.IB,180D,ATM,5.15,5.225,5.2079
2024-11-04,16:00:00,USDCNY.IB,30D,ATM,6.8,7.1,6.9186
2024-11-04,16:00:00,USDCNY.IB,360D,ATM,5.125,5.125,5.125
2024-11-04,16:00:00,USDCNY.IB,540D,ATM,4.9,5.5,5.2
2024-11-04,16:00:00,USDCNY.IB,720D,ATM,4.9,5.5,5.2
2024-11-04,16:00:00,USDCNY.IB,7D,ATM,7.5,10.0,9.9
2024-11-04,16:00:00,USDCNY.IB,90D,ATM,5.35,5.6,5.5082
2024-11-05,16:00:00,USDCNY.IB,180D,ATM,5.05,5.3,5.1963
2024-11-05,16:00:00,USDCNY.IB,30D,ATM,7.0,7.2,7.1303
2024-11-05,16:00:00,USDCNY.IB,360D,ATM,5.1125,5.1125,5.1125
2024-11-05,16:00:00,USDCNY.IB,540D,ATM,4.9,5.5,5.2
2024-11-05,16:00:00,USDCNY.IB,720D,ATM,4.9,5.5,5.2
2024-11-05,16:00:00,USDCNY.IB,7D,ATM,7.0,12.5,9.75
2024-11-05,16:00:00,USDCNY.IB,90D,ATM,5.45,5.55,5.5007
2024-11-06,16:00:00,USDCNY.IB,180D,ATM,4.875,5.05,4.9597
2024-11-06,16:00:00,USDCNY.IB,30D,ATM,5.6,5.85,5.75
2024-11-06,16:00:00,USDCNY.IB,360D,ATM,4.9,5.0,4.9464
2024-11-06,16:00:00,USDCNY.IB,540D,ATM,4.9,5.5,5.2
2024-11-06,16:00:00,USDCNY.IB,720D,ATM,4.9,5.5,5.2
2024-11-06,16:00:00,USDCNY.IB,7D,ATM,7.0,12.5,9.75
2024-11-06,16:00:00,USDCNY.IB,90D,ATM,4.9,5.0,5.0
2024-11-07,16:00:00,USDCNY.IB,180D,ATM,4.825,4.95,4.8926
2024-11-07,16:00:00,USDCNY.IB,30D,ATM,5.0,5.3,5.1391
2024-11-07,16:00:00,USDCNY.IB,360D,ATM,4.825,4.925,4.92
2024-11-07,16:00:00,USDCNY.IB,540D,ATM,5.075,5.075,5.075
2024-11-07,16:00:00,USDCNY.IB,720D,ATM,5.075,5.075,5.075
2024-11-07,16:00:00,USDCNY.IB,7D,ATM,5.0,10.0,6.0625
2024-11-07,16:00:00,USDCNY.IB,90D,ATM,4.825,4.9,4.8625
2024-11-08,16:00:00,USDCNY.IB,180D,ATM,4.925,4.975,4.95
2024-11-08,16:00:00,USDCNY.IB,30D,ATM,4.9,5.25,5.1633
2024-11-08,16:00:00,USDCNY.IB,360D,ATM,4.9372,4.9372,4.9372
2024-11-08,16:00:00,USDCNY.IB,540D,ATM,5.075,5.075,5.075
2024-11-08,16:00:00,USDCNY.IB,720D,ATM,5.075,5.075,5.075
2024-11-08,16:00:00,USDCNY.IB,7D,ATM,5.0,10.0,6.0718
2024-11-08,16:00:00,USDCNY.IB,90D,ATM,4.875,4.95,4.9004
2024-11-11,16:00:00,USDCNY.IB,180D,ATM,4.8,5.05,4.9286
2024-11-11,16:00:00,USDCNY.IB,30D,ATM,4.9,5.1,5.0
2024-11-11,16:00:00,USDCNY.IB,360D,ATM,4.9665,4.9665,4.9665
2024-11-11,16:00:00,USDCNY.IB,540D,ATM,5.075,5.075,5.075
2024-11-11,16:00:00,USDCNY.IB,720D,ATM,5.075,5.075,5.075
2024-11-11,16:00:00,USDCNY.IB,7D,ATM,4.8,5.4,5.2278
2024-11-11,16:00:00,USDCNY.IB,90D,ATM,4.85,4.975,4.9292
2024-11-12,16:00:00,USDCNY.IB,180D,ATM,5.0,5.15,5.1069
2024-11-12,16:00:00,USDCNY.IB,30D,ATM,5.0,5.4,5.2584
2024-11-12,16:00:00,USDCNY.IB,360D,ATM,5.1288,5.1288,5.1288
2024-11-12,16:00:00,USDCNY.IB,540D,ATM,4.8,5.35,5.075
2024-11-12,16:00:00,USDCNY.IB,720D,ATM,4.8,5.35,5.075
2024-11-12,16:00:00,USDCNY.IB,7D,ATM,5.0,5.6,5.3
2024-11-12,16:00:00,USDCNY.IB,90D,ATM,5.0,5.15,5.0838
2024-11-13,16:00:00,USDCNY.IB,180D,ATM,5.0,5.1,5.0
2024-11-13,16:00:00,USDCNY.IB,30D,ATM,4.5,5.0,4.75
2024-11-13,16:00:00,USDCNY.IB,360D,ATM,5.0571,5.0571,5.0571
2024-11-13,16:00:00,USDCNY.IB,540D,ATM,4.8,5.35,5.075
2024-11-13,16:00:00,USDCNY.IB,720D,ATM,4.8,5.35,5.075
2024-11-13,16:00:00,USDCNY.IB,7D,ATM,5.0,5.8,5.4
2024-11-13,16:00:00,USDCNY.IB,90D,ATM,4.825,5.0,4.9
2024-11-14,16:00:00,USDCNY.IB,180D,ATM,4.9,5.2,5.0035
2024-11-14,16:00:00,USDCNY.IB,30D,ATM,4.1,4.35,4.332
2024-11-14,16:00:00,USDCNY.IB,360D,ATM,5.1,5.1,5.1
2024-11-14,16:00:00,USDCNY.IB,540D,ATM,4.8,5.35,5.075
2024-11-14,16:00:00,USDCNY.IB,720D,ATM,4.8,5.35,5.075
2024-11-14,16:00:00,USDCNY.IB,7D,ATM,3.9,5.0,4.45
2024-11-14,16:00:00,USDCNY.IB,90D,ATM,4.65,4.85,4.8001
2024-11-15,16:00:00,USDCNY.IB,180D,ATM,5.0,5.05,5.05
2024-11-15,16:00:00,USDCNY.IB,30D,ATM,4.2,4.55,4.2462
2024-11-15,16:00:00,USDCNY.IB,360D,ATM,5.15,5.15,5.15
2024-11-15,16:00:00,USDCNY.IB,540D,ATM,4.9,5.35,5.125
2024-11-15,16:00:00,USDCNY.IB,720D,ATM,4.9,5.35,5.125
2024-11-15,16:00:00,USDCNY.IB,7D,ATM,3.8,4.5,4.2
2024-11-15,16:00:00,USDCNY.IB,90D,ATM,4.7,4.8,4.742
2024-11-18,16:00:00,USDCNY.IB,180D,ATM,5.0,5.075,5.0195
2024-11-18,16:00:00,USDCNY.IB,30D,ATM,3.9,4.3,4.2
2024-11-18,16:00:00,USDCNY.IB,360D,ATM,5.15,5.15,5.15
2024-11-18,16:00:00,USDCNY.IB,540D,ATM,5.175,5.175,5.175
2024-11-18,16:00:00,USDCNY.IB,720D,ATM,5.175,5.175,5.175
2024-11-18,16:00:00,USDCNY.IB,7D,ATM,3.3,5.3,4.3
2024-11-18,16:00:00,USDCNY.IB,90D,ATM,4.6,4.85,4.7379
2024-11-19,16:00:00,USDCNY.IB,180D,ATM,4.9,5.15,5.025
2024-11-19,16:00:00,USDCNY.IB,30D,ATM,4.1789,4.1789,4.1789
2024-11-19,16:00:00,USDCNY.IB,360D,ATM,5.15,5.15,5.15
2024-11-19,16:00:00,USDCNY.IB,540D,ATM,5.175,5.175,5.175
2024-11-19,16:00:00,USDCNY.IB,720D,ATM,5.175,5.175,5.175
2024-11-19,16:00:00,USDCNY.IB,7D,ATM,3.3,5.3,4.3
2024-11-19,16:00:00,USDCNY.IB,90D,ATM,4.6,4.85,4.6865
2024-11-20,16:00:00,USDCNY.IB,180D,ATM,5.0,5.4,5.2
2024-11-20,16:00:00,USDCNY.IB,30D,ATM,3.8,4.15,3.975
2024-11-20,16:00:00,USDCNY.IB,360D,ATM,4.6,5.135,5.1293
2024-11-20,16:00:00,USDCNY.IB,540D,ATM,5.225,5.225,5.225
2024-11-20,16:00:00,USDCNY.IB,720D,ATM,5.225,5.225,5.225
2024-11-20,16:00:00,USDCNY.IB,7D,ATM,3.3,4.0,3.65
2024-11-20,16:00:00,USDCNY.IB,90D,ATM,4.55,4.65,4.5994
2024-11-21,16:00:00,USDCNY.IB,180D,ATM,5.1162,5.1162,5.1162
2024-11-21,16:00:00,USDCNY.IB,30D,ATM,3.9578,3.9578,3.9578
2024-11-21,16:00:00,USDCNY.IB,360D,ATM,5.2121,5.2121,5.2121
2024-11-21,16:00:00,USDCNY.IB,540D,ATM,5.225,5.225,5.225
2024-11-21,16:00:00,USDCNY.IB,720D,ATM,5.225,5.225,5.225
2024-11-21,16:00:00,USDCNY.IB,7D,ATM,3.2,3.8,3.5
2024-11-21,16:00:00,USDCNY.IB,90D,ATM,4.7,4.8,4.75
2024-11-22,16:00:00,USDCNY.IB,180D,ATM,5.225,5.225,5.225
2024-11-22,16:00:00,USDCNY.IB,30D,ATM,3.75,4.05,3.9
2024-11-22,16:00:00,USDCNY.IB,360D,ATM,5.2903,5.2903,5.2903
2024-11-22,16:00:00,USDCNY.IB,540D,ATM,5.225,5.225,5.225
2024-11-22,16:00:00,USDCNY.IB,720D,ATM,5.225,5.225,5.225
2024-11-22,16:00:00,USDCNY.IB,7D,ATM,3.2,3.7,3.45
2024-11-22,16:00:00,USDCNY.IB,90D,ATM,4.8,4.9,4.825
2024-11-25,16:00:00,USDCNY.IB,180D,ATM,5.2,5.3,5.2262
2024-11-25,16:00:00,USDCNY.IB,30D,ATM,3.75,4.2,3.975
2024-11-25,16:00:00,USDCNY.IB,360D,ATM,5.3182,5.3182,5.3182
2024-11-25,16:00:00,USDCNY.IB,540D,ATM,5.2,5.7,5.45
2024-11-25,16:00:00,USDCNY.IB,720D,ATM,5.2,5.7,5.45
2024-11-25,16:00:00,USDCNY.IB,7D,ATM,3.0,3.9,3.1
2024-11-25,16:00:00,USDCNY.IB,90D,ATM,4.9,4.95,4.9
2024-11-26,16:00:00,USDCNY.IB,180D,ATM,5.35,5.5,5.3809
2024-11-26,16:00:00,USDCNY.IB,30D,ATM,3.8,4.3,4.075
2024-11-26,16:00:00,USDCNY.IB,360D,ATM,5.525,5.6,5.525
2024-11-26,16:00:00,USDCNY.IB,540D,ATM,5.2,5.7,5.45
2024-11-26,16:00:00,USDCNY.IB,720D,ATM,5.2,5.7,5.45
2024-11-26,16:00:00,USDCNY.IB,7D,ATM,2.6,3.45,3.3177
2024-11-26,16:00:00,USDCNY.IB,90D,ATM,4.9,5.3,5.1
2024-11-27,16:00:00,USDCNY.IB,180D,ATM,5.6,5.75,5.65
2024-11-27,16:00:00,USDCNY.IB,30D,ATM,3.9,4.25,4.075
2024-11-27,16:00:00,USDCNY.IB,360D,ATM,5.7,5.8,5.7
2024-11-27,16:00:00,USDCNY.IB,540D,ATM,5.4,5.9,5.65
2024-11-27,16:00:00,USDCNY.IB,720D,ATM,5.4,5.9,5.65
2024-11-27,16:00:00,USDCNY.IB,7D,ATM,3.0,3.6,3.2
2024-11-27,16:00:00,USDCNY.IB,90D,ATM,4.7,5.6,5.25
2024-11-28,16:00:00,USDCNY.IB,180D,ATM,5.5842,5.5842,5.5842
2024-11-28,16:00:00,USDCNY.IB,30D,ATM,3.85,4.15,4.0626
2024-11-28,16:00:00,USDCNY.IB,360D,ATM,5.6125,5.6125,5.6125
2024-11-28,16:00:00,USDCNY.IB,540D,ATM,5.5,6.0,5.75
2024-11-28,16:00:00,USDCNY.IB,720D,ATM,5.5,6.0,5.8059
2024-11-28,16:00:00,USDCNY.IB,7D,ATM,3.2,3.7,3.4
2024-11-28,16:00:00,USDCNY.IB,90D,ATM,4.9,5.4,5.2667
2024-11-29,16:00:00,USDCNY.IB,180D,ATM,5.45,5.65,5.55
2024-11-29,16:00:00,USDCNY.IB,30D,ATM,3.8,4.2,4.0
2024-11-29,16:00:00,USDCNY.IB,360D,ATM,5.5,5.7,5.6319
2024-11-29,16:00:00,USDCNY.IB,540D,ATM,5.5,6.0,5.75
2024-11-29,16:00:00,USDCNY.IB,720D,ATM,5.5,6.0,5.7213
2024-11-29,16:00:00,USDCNY.IB,7D,ATM,3.2,3.7,3.45
2024-11-29,16:00:00,USDCNY.IB,90D,ATM,5.1,5.4,5.25
2024-12-02,16:00:00,USDCNY.IB,180D,ATM,5.45,5.75,5.6743
2024-12-02,16:00:00,USDCNY.IB,30D,ATM,3.9,4.3,4.0275
2024-12-02,16:00:00,USDCNY.IB,360D,ATM,5.65,5.85,5.7211
2024-12-02,16:00:00,USDCNY.IB,540D,ATM,5.5,6.0,5.75
2024-12-02,16:00:00,USDCNY.IB,720D,ATM,5.5,6.0,5.75
2024-12-02,16:00:00,USDCNY.IB,7D,ATM,3.6,4.3,3.6167
2024-12-02,16:00:00,USDCNY.IB,90D,ATM,5.0,5.5,5.25
2024-12-03,16:00:00,USDCNY.IB,180D,ATM,5.95,6.15,6.05
2024-12-03,16:00:00,USDCNY.IB,30D,ATM,4.8,5.65,5.0002
2024-12-03,16:00:00,USDCNY.IB,360D,ATM,6.0,6.25,6.1734
2024-12-03,16:00:00,USDCNY.IB,540D,ATM,5.8,6.8,6.3
2024-12-03,16:00:00,USDCNY.IB,720D,ATM,5.8,6.8,6.3
2024-12-03,16:00:00,USDCNY.IB,7D,ATM,4.5,6.0,4.96
2024-12-03,16:00:00,USDCNY.IB,90D,ATM,5.5,6.1,5.8
2024-12-04,16:00:00,USDCNY.IB,180D,ATM,5.9,6.075,5.9706
2024-12-04,16:00:00,USDCNY.IB,30D,ATM,4.3,4.9,4.6701
2024-12-04,16:00:00,USDCNY.IB,360D,ATM,6.025,6.1,6.0516
2024-12-04,16:00:00,USDCNY.IB,540D,ATM,5.8,6.8,6.3
2024-12-04,16:00:00,USDCNY.IB,720D,ATM,5.8,6.8,6.3
2024-12-04,16:00:00,USDCNY.IB,7D,ATM,4.3,4.9,4.8
2024-12-04,16:00:00,USDCNY.IB,90D,ATM,5.25,5.5,5.3838
2024-12-05,16:00:00,USDCNY.IB,180D,ATM,5.85,6.05,5.9494
2024-12-05,16:00:00,USDCNY.IB,30D,ATM,4.2,4.7,4.45
2024-12-05,16:00:00,USDCNY.IB,360D,ATM,6.0635,6.0635,6.0635
2024-12-05,16:00:00,USDCNY.IB,540D,ATM,5.8,6.8,6.3
2024-12-05,16:00:00,USDCNY.IB,720D,ATM,5.8,6.8,6.3
2024-12-05,16:00:00,USDCNY.IB,7D,ATM,4.4,5.0,4.7
2024-12-05,16:00:00,USDCNY.IB,90D,ATM,5.25,5.475,5.35
2024-12-06,16:00:00,USDCNY.IB,180D,ATM,5.85,6.15,5.9688
2024-12-06,16:00:00,USDCNY.IB,30D,ATM,4.25,4.75,4.45
2024-12-06,16:00:00,USDCNY.IB,360D,ATM,6.0466,6.0466,6.0466
2024-12-06,16:00:00,USDCNY.IB,540D,ATM,5.8,6.8,6.3
2024-12-06,16:00:00,USDCNY.IB,720D,ATM,5.8,6.8,6.3
2024-12-06,16:00:00,USDCNY.IB,7D,ATM,4.5,5.1,4.8
2024-12-06,16:00:00,USDCNY.IB,90D,ATM,5.35,5.65,5.45
2024-12-09,16:00:00,USDCNY.IB,180D,ATM,5.9,6.05,5.9784
2024-12-09,16:00:00,USDCNY.IB,30D,ATM,4.45,4.65,4.55
2024-12-09,16:00:00,USDCNY.IB,360D,ATM,6.025,6.1,6.0644
2024-12-09,16:00:00,USDCNY.IB,540D,ATM,5.8,6.6,6.2
2024-12-09,16:00:00,USDCNY.IB,720D,ATM,5.8,6.6,6.2
2024-12-09,16:00:00,USDCNY.IB,7D,ATM,4.0,4.8,4.4
2024-12-09,16:00:00,USDCNY.IB,90D,ATM,5.525,5.6,5.5501
2024-12-10,16:00:00,USDCNY.IB,180D,ATM,5.85,6.15,6.0
2024-12-10,16:00:00,USDCNY.IB,30D,ATM,4.4,4.8,4.6
2024-12-10,16:00:00,USDCNY.IB,360D,ATM,6.1,6.1,6.1
2024-12-10,16:00:00,USDCNY.IB,540D,ATM,5.8,6.6,6.2
2024-12-10,16:00:00,USDCNY.IB,720D,ATM,5.8,6.6,6.2
2024-12-10,16:00:00,USDCNY.IB,7D,ATM,4.0,5.0,4.85
2024-12-10,16:00:00,USDCNY.IB,90D,ATM,5.55,5.8,5.675
2024-12-11,16:00:00,USDCNY.IB,180D,ATM,5.925,6.1,6.0125
2024-12-11,16:00:00,USDCNY.IB,30D,ATM,4.4,4.8,4.6
2024-12-11,16:00:00,USDCNY.IB,360D,ATM,6.175,6.175,6.175
2024-12-11,16:00:00,USDCNY.IB,540D,ATM,5.8,6.6,6.2
2024-12-11,16:00:00,USDCNY.IB,720D,ATM,5.8,6.6,6.2
2024-12-11,16:00:00,USDCNY.IB,7D,ATM,4.5,5.0,4.6
2024-12-11,16:00:00,USDCNY.IB,90D,ATM,5.45,5.75,5.725
2024-12-12,16:00:00,USDCNY.IB,180D,ATM,6.05,6.175,6.1125
2024-12-12,16:00:00,USDCNY.IB,30D,ATM,4.4,4.8,4.6
2024-12-12,16:00:00,USDCNY.IB,360D,ATM,6.1884,6.1884,6.1884
2024-12-12,16:00:00,USDCNY.IB,540D,ATM,5.8,6.6,6.2
2024-12-12,16:00:00,USDCNY.IB,720D,ATM,5.8,6.6,6.2
2024-12-12,16:00:00,USDCNY.IB,7D,ATM,4.5,5.2,4.9
2024-12-12,16:00:00,USDCNY.IB,90D,ATM,5.65,5.9,5.775
2024-12-13,16:00:00,USDCNY.IB,180D,ATM,6.0,6.3,6.0618
2024-12-13,16:00:00,USDCNY.IB,30D,ATM,4.25,4.4,4.348
2024-12-13,16:00:00,USDCNY.IB,360D,ATM,6.117,6.117,6.117
2024-12-13,16:00:00,USDCNY.IB,540D,ATM,5.9,6.6,6.25
2024-12-13,16:00:00,USDCNY.IB,720D,ATM,5.9,6.6,6.25
2024-12-13,16:00:00,USDCNY.IB,7D,ATM,4.1081,4.1081,4.1081
2024-12-13,16:00:00,USDCNY.IB,90D,ATM,5.65,5.85,5.7501
2024-12-16,16:00:00,USDCNY.IB,180D,ATM,5.9,6.1,5.975
2024-12-16,16:00:00,USDCNY.IB,30D,ATM,4.3698,4.3698,4.3698
2024-12-16,16:00:00,USDCNY.IB,360D,ATM,6.0656,6.0656,6.0656
2024-12-16,16:00:00,USDCNY.IB,540D,ATM,5.9,6.6,6.25
2024-12-16,16:00:00,USDCNY.IB,720D,ATM,5.9,6.6,6.2
2024-12-16,16:00:00,USDCNY.IB,7D,ATM,3.5,4.3,3.9
2024-12-16,16:00:00,USDCNY.IB,90D,ATM,5.6,5.9,5.75
2024-12-17,16:00:00,USDCNY.IB,180D,ATM,5.825,5.975,5.8994
2024-12-17,16:00:00,USDCNY.IB,30D,ATM,4.0,4.2,4.2
2024-12-17,16:00:00,USDCNY.IB,360D,ATM,5.95,6.025,5.9872
2024-12-17,16:00:00,USDCNY.IB,540D,ATM,5.9,6.6,6.25
2024-12-17,16:00:00,USDCNY.IB,720D,ATM,5.9,6.6,6.25
2024-12-17,16:00:00,USDCNY.IB,7D,ATM,3.4,4.0,3.7
2024-12-17,16:00:00,USDCNY.IB,90D,ATM,5.3,5.5,5.4
2024-12-18,16:00:00,USDCNY.IB,180D,ATM,5.7,5.8,5.7826
2024-12-18,16:00:00,USDCNY.IB,30D,ATM,3.8,3.95,3.9
2024-12-18,16:00:00,USDCNY.IB,360D,ATM,5.9,5.95,5.925
2024-12-18,16:00:00,USDCNY.IB,540D,ATM,5.9,6.6,6.25
2024-12-18,16:00:00,USDCNY.IB,720D,ATM,5.9,6.6,6.25
2024-12-18,16:00:00,USDCNY.IB,7D,ATM,3.4,4.0,3.4
2024-12-18,16:00:00,USDCNY.IB,90D,ATM,5.3,5.65,5.475
2024-12-19,16:00:00,USDCNY.IB,180D,ATM,5.75,6.0,5.875
2024-12-19,16:00:00,USDCNY.IB,30D,ATM,4.2,4.5,4.3001
2024-12-19,16:00:00,USDCNY.IB,360D,ATM,5.9,6.075,5.9875
2024-12-19,16:00:00,USDCNY.IB,540D,ATM,5.8,6.3,6.05
2024-12-19,16:00:00,USDCNY.IB,720D,ATM,5.8,6.4,6.1
2024-12-19,16:00:00,USDCNY.IB,7D,ATM,2.8,3.6,3.2648
2024-12-19,16:00:00,USDCNY.IB,90D,ATM,5.4,5.8,5.6
2024-12-20,16:00:00,USDCNY.IB,180D,ATM,5.725,5.85,5.8063
2024-12-20,16:00:00,USDCNY.IB,30D,ATM,3.9,4.2,4.16
2024-12-20,16:00:00,USDCNY.IB,360D,ATM,5.875,5.875,5.875
2024-12-20,16:00:00,USDCNY.IB,540D,ATM,5.8,6.3,6.05
2024-12-20,16:00:00,USDCNY.IB,720D,ATM,5.8,6.4,6.1
2024-12-20,16:00:00,USDCNY.IB,7D,ATM,2.925,2.925,2.925
2024-12-20,16:00:00,USDCNY.IB,90D,ATM,5.2,5.7,5.45
2024-12-23,16:00:00,USDCNY.IB,180D,ATM,5.65,5.85,5.775
2024-12-23,16:00:00,USDCNY.IB,30D,ATM,4.15,4.4,4.185
2024-12-23,16:00:00,USDCNY.IB,360D,ATM,5.9,5.9,5.9
2024-12-23,16:00:00,USDCNY.IB,540D,ATM,5.8,6.3,6.05
2024-12-23,16:00:00,USDCNY.IB,720D,ATM,5.8,6.4,6.1
2024-12-23,16:00:00,USDCNY.IB,7D,ATM,2.925,2.925,2.925
2024-12-23,16:00:00,USDCNY.IB,90D,ATM,5.2,5.55,5.375
2024-12-24,16:00:00,USDCNY.IB,180D,ATM,5.65,5.95,5.8
2024-12-24,16:00:00,USDCNY.IB,30D,ATM,4.15,4.6,4.3
2024-12-24,16:00:00,USDCNY.IB,360D,ATM,5.8,6.05,5.925
2024-12-24,16:00:00,USDCNY.IB,540D,ATM,5.8,6.3,6.05
2024-12-24,16:00:00,USDCNY.IB,720D,ATM,5.8,6.4,6.1
2024-12-24,16:00:00,USDCNY.IB,7D,ATM,1.8,2.6,2.2
2024-12-24,16:00:00,USDCNY.IB,90D,ATM,5.3,5.6,5.45
2024-12-25,16:00:00,USDCNY.IB,180D,ATM,5.75,5.75,5.75
2024-12-25,16:00:00,USDCNY.IB,30D,ATM,4.2,4.5,4.35
2024-12-25,16:00:00,USDCNY.IB,360D,ATM,5.9,5.9,5.9
2024-12-25,16:00:00,USDCNY.IB,540D,ATM,5.8,6.3,6.05
2024-12-25,16:00:00,USDCNY.IB,720D,ATM,5.8,6.4,6.1
2024-12-25,16:00:00,USDCNY.IB,7D,ATM,1.8,2.7,2.25
2024-12-25,16:00:00,USDCNY.IB,90D,ATM,5.4,5.7,5.55
2024-12-26,16:00:00,USDCNY.IB,180D,ATM,5.85,5.85,5.85
2024-12-26,16:00:00,USDCNY.IB,30D,ATM,4.1,4.45,4.275
2024-12-26,16:00:00,USDCNY.IB,360D,ATM,5.925,5.925,5.925
2024-12-26,16:00:00,USDCNY.IB,540D,ATM,5.8,6.3,6.05
2024-12-26,16:00:00,USDCNY.IB,720D,ATM,5.8,6.4,6.1
2024-12-26,16:00:00,USDCNY.IB,7D,ATM,2.5,2.5,2.5
2024-12-26,16:00:00,USDCNY.IB,90D,ATM,5.3,5.65,5.475
2024-12-27,16:00:00,USDCNY.IB,180D,ATM,5.8244,5.8244,5.8244
2024-12-27,16:00:00,USDCNY.IB,30D,ATM,4.25,4.55,4.4428
2024-12-27,16:00:00,USDCNY.IB,360D,ATM,5.8,6.05,5.925
2024-12-27,16:00:00,USDCNY.IB,540D,ATM,5.8,6.3,6.05
2024-12-27,16:00:00,USDCNY.IB,720D,ATM,5.8,6.4,6.1
2024-12-27,16:00:00,USDCNY.IB,7D,ATM,2.7,3.1,2.8988
2024-12-27,16:00:00,USDCNY.IB,90D,ATM,5.45,5.7,5.6001
2024-12-30,16:00:00,USDCNY.IB,180D,ATM,5.75,5.825,5.792
2024-12-30,16:00:00,USDCNY.IB,30D,ATM,4.25,4.8,4.525
2024-12-30,16:00:00,USDCNY.IB,360D,ATM,5.85,5.925,5.9
2024-12-30,16:00:00,USDCNY.IB,540D,ATM,5.8,6.3,6.05
2024-12-30,16:00:00,USDCNY.IB,720D,ATM,5.8,6.4,6.1
2024-12-30,16:00:00,USDCNY.IB,7D,ATM,3.1,3.35,3.1813
2024-12-30,16:00:00,USDCNY.IB,90D,ATM,5.45,5.75,5.6
2024-12-31,16:00:00,USDCNY.IB,180D,ATM,5.7086,5.7086,5.7086
2024-12-31,16:00:00,USDCNY.IB,30D,ATM,4.45,4.7,4.575
2024-12-31,16:00:00,USDCNY.IB,360D,ATM,5.8183,5.8183,5.8183
2024-12-31,16:00:00,USDCNY.IB,540D,ATM,5.8,6.3,6.05
2024-12-31,16:00:00,USDCNY.IB,720D,ATM,5.8,6.4,6.1
2024-12-31,16:00:00,USDCNY.IB,7D,ATM,3.5693,3.5693,3.5693
2024-12-31,16:00:00,USDCNY.IB,90D,ATM,5.4,5.7,5.5001
2025-01-02,16:00:00,USDCNY.IB,180D,ATM,5.5271,5.5271,5.5271
2025-01-02,16:00:00,USDCNY.IB,30D,ATM,4.3,4.8,4.55
2025-01-02,16:00:00,USDCNY.IB,360D,ATM,5.6704,5.6704,5.6704
2025-01-02,16:00:00,USDCNY.IB,540D,ATM,5.8,6.7,6.25
2025-01-02,16:00:00,USDCNY.IB,720D,ATM,5.8,6.7,6.25
2025-01-02,16:00:00,USDCNY.IB,7D,ATM,3.2,3.9,3.6518
2025-01-02,16:00:00,USDCNY.IB,90D,ATM,5.1,5.5,5.3929
2025-01-03,16:00:00,USDCNY.IB,180D,ATM,5.25,6.5,5.5431
2025-01-03,16:00:00,USDCNY.IB,30D,ATM,4.2,6.5,4.3101
2025-01-03,16:00:00,USDCNY.IB,360D,ATM,5.45,6.05,5.675
2025-01-03,16:00:00,USDCNY.IB,540D,ATM,5.45,6.1,5.775
2025-01-03,16:00:00,USDCNY.IB,720D,ATM,5.6,6.3,5.95
2025-01-03,16:00:00,USDCNY.IB,7D,ATM,3.2,4.0,3.3754
2025-01-03,16:00:00,USDCNY.IB,90D,ATM,5.2,6.5,5.85
2025-01-06,16:00:00,USDCNY.IB,180D,ATM,5.7766,5.7766,5.7766
2025-01-06,16:00:00,USDCNY.IB,30D,ATM,4.7,4.8,4.7001
2025-01-06,16:00:00,USDCNY.IB,360D,ATM,5.85,5.85,5.85
2025-01-06,16:00:00,USDCNY.IB,540D,ATM,5.65,6.25,5.95
2025-01-06,16:00:00,USDCNY.IB,720D,ATM,5.7,6.3,6.0
2025-01-06,16:00:00,USDCNY.IB,7D,ATM,3.4,3.8,3.5852
2025-01-06,16:00:00,USDCNY.IB,90D,ATM,5.4,5.6,5.5011
2025-01-07,16:00:00,USDCNY.IB,180D,ATM,5.55,5.85,5.7193
2025-01-07,16:00:00,USDCNY.IB,30D,ATM,4.5,4.8,4.65
2025-01-07,16:00:00,USDCNY.IB,360D,ATM,5.75,5.85,5.8048
2025-01-07,16:00:00,USDCNY.IB,540D,ATM,5.65,6.1,5.875
2025-01-07,16:00:00,USDCNY.IB,720D,ATM,5.7,6.1,5.9
2025-01-07,16:00:00,USDCNY.IB,7D,ATM,3.6,4.3,3.8353
2025-01-07,16:00:00,USDCNY.IB,90D,ATM,5.35,5.65,5.5
2025-01-08,16:00:00,USDCNY.IB,180D,ATM,5.4,5.8,5.5965
2025-01-08,16:00:00,USDCNY.IB,30D,ATM,4.65,4.65,4.65
2025-01-08,16:00:00,USDCNY.IB,360D,ATM,5.635,5.7,5.6861
2025-01-08,16:00:00,USDCNY.IB,540D,ATM,5.65,6.1,5.875
2025-01-08,16:00:00,USDCNY.IB,720D,ATM,5.7,6.1,5.9
2025-01-08,16:00:00,USDCNY.IB,7D,ATM,3.5,3.8,3.5
2025-01-08,16:00:00,USDCNY.IB,90D,ATM,5.2,5.6,5.3835
2025-01-09,16:00:00,USDCNY.IB,180D,ATM,5.5,5.7,5.6015
2025-01-09,16:00:00,USDCNY.IB,30D,ATM,4.65,4.7,4.7
2025-01-09,16:00:00,USDCNY.IB,360D,ATM,5.7,5.8,5.7351
2025-01-09,16:00:00,USDCNY.IB,540D,ATM,5.65,6.1,5.875
2025-01-09,16:00:00,USDCNY.IB,720D,ATM,5.7,6.1,5.9
2025-01-09,16:00:00,USDCNY.IB,7D,ATM,3.0,3.6,3.4611
2025-01-09,16:00:00,USDCNY.IB,90D,ATM,5.35,5.65,5.5
2025-01-10,16:00:00,USDCNY.IB,180D,ATM,5.625,5.725,5.6571
2025-01-10,16:00:00,USDCNY.IB,30D,ATM,4.5,5.2,4.7
2025-01-10,16:00:00,USDCNY.IB,360D,ATM,5.6,5.9,5.75
2025-01-10,16:00:00,USDCNY.IB,540D,ATM,5.65,6.1,5.875
2025-01-10,16:00:00,USDCNY.IB,720D,ATM,5.7,6.1,5.9
2025-01-10,16:00:00,USDCNY.IB,7D,ATM,3.6,4.0,3.6957
2025-01-10,16:00:00,USDCNY.IB,90D,ATM,5.3,5.7,5.4917
2025-01-13,16:00:00,USDCNY.IB,180D,ATM,5.6,5.85,5.725
2025-01-13,16:00:00,USDCNY.IB,30D,ATM,4.55,4.9,4.725
2025-01-13,16:00:00,USDCNY.IB,360D,ATM,5.65,5.95,5.8
2025-01-13,16:00:00,USDCNY.IB,540D,ATM,5.65,6.1,5.875
2025-01-13,16:00:00,USDCNY.IB,720D,ATM,5.7,6.1,5.9
2025-01-13,16:00:00,USDCNY.IB,7D,ATM,2.9,3.6,3.25
2025-01-13,16:00:00,USDCNY.IB,90D,ATM,5.45,5.7,5.6001
2025-01-14,16:00:00,USDCNY.IB,180D,ATM,5.5,5.7,5.6016
2025-01-14,16:00:00,USDCNY.IB,30D,ATM,4.4,4.8,4.55
2025-01-14,16:00:00,USDCNY.IB,360D,ATM,5.6,5.8,5.7456
2025-01-14,16:00:00,USDCNY.IB,540D,ATM,5.65,6.1,5.875
2025-01-14,16:00:00,USDCNY.IB,720D,ATM,5.7,6.1,5.9
2025-01-14,16:00:00,USDCNY.IB,7D,ATM,3.7,4.2,3.7556
2025-01-14,16:00:00,USDCNY.IB,90D,ATM,5.3,5.5,5.4
2025-01-15,16:00:00,USDCNY.IB,180D,ATM,5.6103,5.6103,5.6103
2025-01-15,16:00:00,USDCNY.IB,30D,ATM,4.4,4.7,4.6
2025-01-15,16:00:00,USDCNY.IB,360D,ATM,5.6,5.85,5.725
2025-01-15,16:00:00,USDCNY.IB,540D,ATM,5.65,6.1,5.875
2025-01-15,16:00:00,USDCNY.IB,720D,ATM,5.7,6.1,5.9
2025-01-15,16:00:00,USDCNY.IB,7D,ATM,3.6,3.8,3.6667
2025-01-15,16:00:00,USDCNY.IB,90D,ATM,5.25,5.55,5.4
2025-01-16,16:00:00,USDCNY.IB,180D,ATM,5.5,5.75,5.6039
2025-01-16,16:00:00,USDCNY.IB,30D,ATM,4.65,4.75,4.6953
2025-01-16,16:00:00,USDCNY.IB,360D,ATM,5.6,5.9,5.75
2025-01-16,16:00:00,USDCNY.IB,540D,ATM,5.65,6.1,5.875
2025-01-16,16:00:00,USDCNY.IB,720D,ATM,5.7,6.1,5.9
2025-01-16,16:00:00,USDCNY.IB,7D,ATM,4.1,5.0,4.55
2025-01-16,16:00:00,USDCNY.IB,90D,ATM,5.35,5.5,5.4178
2025-01-17,16:00:00,USDCNY.IB,180D,ATM,5.625,5.625,5.625
2025-01-17,16:00:00,USDCNY.IB,30D,ATM,4.8,5.0,5.0
2025-01-17,16:00:00,USDCNY.IB,360D,ATM,5.65,5.9,5.75
2025-01-17,16:00:00,USDCNY.IB,540D,ATM,5.65,6.1,5.875
2025-01-17,16:00:00,USDCNY.IB,720D,ATM,5.7,6.1,5.9
2025-01-17,16:00:00,USDCNY.IB,7D,ATM,4.5,5.2,4.6188
2025-01-17,16:00:00,USDCNY.IB,90D,ATM,5.3,5.6,5.45
2025-01-20,16:00:00,USDCNY.IB,180D,ATM,5.6,5.725,5.6944
2025-01-20,16:00:00,USDCNY.IB,30D,ATM,5.3,5.55,5.3952
2025-01-20,16:00:00,USDCNY.IB,360D,ATM,5.7,5.85,5.763
2025-01-20,16:00:00,USDCNY.IB,540D,ATM,5.65,6.2,5.925
2025-01-20,16:00:00,USDCNY.IB,720D,ATM,5.7,6.2,5.95
2025-01-20,16:00:00,USDCNY.IB,7D,ATM,5.6,6.0,5.8109
2025-01-20,16:00:00,USDCNY.IB,90D,ATM,5.5,5.6,5.5792
2025-01-21,16:00:00,USDCNY.IB,180D,ATM,5.35,5.4,5.37
2025-01-21,16:00:00,USDCNY.IB,30D,ATM,4.9,4.9,4.9
2025-01-21,16:00:00,USDCNY.IB,360D,ATM,5.45,5.55,5.4895
2025-01-21,16:00:00,USDCNY.IB,540D,ATM,5.4,5.8,5.6
2025-01-21,16:00:00,USDCNY.IB,720D,ATM,5.5,5.8,5.65
2025-01-21,16:00:00,USDCNY.IB,7D,ATM,4.0,6.0,5.0
2025-01-21,16:00:00,USDCNY.IB,90D,ATM,5.1,5.4,5.3
2025-01-22,16:00:00,USDCNY.IB,180D,ATM,5.25,5.35,5.3
2025-01-22,16:00:00,USDCNY.IB,30D,ATM,4.4,4.9,4.65
2025-01-22,16:00:00,USDCNY.IB,360D,ATM,5.425,5.5,5.4417
2025-01-22,16:00:00,USDCNY.IB,540D,ATM,5.4,5.8,5.6
2025-01-22,16:00:00,USDCNY.IB,720D,ATM,5.5,5.8,5.65
2025-01-22,16:00:00,USDCNY.IB,7D,ATM,4.0,6.0,5.0
2025-01-22,16:00:00,USDCNY.IB,90D,ATM,4.8,5.15,5.08
2025-01-23,16:00:00,USDCNY.IB,180D,ATM,5.125,5.2,5.2
2025-01-23,16:00:00,USDCNY.IB,30D,ATM,4.5396,4.5396,4.5396
2025-01-23,16:00:00,USDCNY.IB,360D,ATM,5.15,5.4,5.275
2025-01-23,16:00:00,USDCNY.IB,540D,ATM,5.25,5.8,5.525
2025-01-23,16:00:00,USDCNY.IB,720D,ATM,5.35,5.8,5.575
2025-01-23,16:00:00,USDCNY.IB,7D,ATM,2.0,8.0,5.0
2025-01-23,16:00:00,USDCNY.IB,90D,ATM,4.85,4.95,4.9179
2025-01-24,16:00:00,USDCNY.IB,180D,ATM,5.1,5.25,5.1815
2025-01-24,16:00:00,USDCNY.IB,30D,ATM,4.725,4.8,4.7944
2025-01-24,16:00:00,USDCNY.IB,360D,ATM,5.25,5.3,5.2646
2025-01-24,16:00:00,USDCNY.IB,540D,ATM,5.25,5.8,5.525
2025-01-24,16:00:00,USDCNY.IB,720D,ATM,5.35,5.8,5.575
2025-01-24,16:00:00,USDCNY.IB,7D,ATM,4.5,5.3,4.8667
2025-01-24,16:00:00,USDCNY.IB,90D,ATM,4.75,4.95,4.95
2025-01-27,16:00:00,USDCNY.IB,180D,ATM,5.05,5.25,5.2
2025-01-27,16:00:00,USDCNY.IB,30D,ATM,4.5,5.1,4.8
2025-01-27,16:00:00,USDCNY.IB,360D,ATM,5.175,5.4,5.2875
2025-01-27,16:00:00,USDCNY.IB,540D,ATM,5.2,5.7,5.45
2025-01-27,16:00:00,USDCNY.IB,720D,ATM,5.3,5.7,5.5
2025-01-27,16:00:00,USDCNY.IB,7D,ATM,4.0,6.0,5.0
2025-01-27,16:00:00,USDCNY.IB,90D,ATM,4.75,5.175,4.9625
2025-02-05,16:00:00,USDCNY.IB,180D,ATM,5.2,5.3,5.2789
2025-02-05,16:00:00,USDCNY.IB,30D,ATM,4.6,5.0,4.7875
2025-02-05,16:00:00,USDCNY.IB,360D,ATM,5.35,5.45,5.4257
2025-02-05,16:00:00,USDCNY.IB,540D,ATM,5.2,5.7,5.45
2025-02-05,16:00:00,USDCNY.IB,720D,ATM,5.3,5.7,5.5
2025-02-05,16:00:00,USDCNY.IB,7D,ATM,4.5,5.3,5.0601
2025-02-05,16:00:00,USDCNY.IB,90D,ATM,4.75,5.1,5.0
2025-02-06,16:00:00,USDCNY.IB,180D,ATM,5.1,5.4,5.2
2025-02-06,16:00:00,USDCNY.IB,30D,ATM,4.5,4.75,4.6445
2025-02-06,16:00:00,USDCNY.IB,360D,ATM,5.25,5.55,5.3576
2025-02-06,16:00:00,USDCNY.IB,540D,ATM,5.25,5.7,5.475
2025-02-06,16:00:00,USDCNY.IB,720D,ATM,5.3,5.7,5.5
2025-02-06,16:00:00,USDCNY.IB,7D,ATM,4.5,5.0,4.8
2025-02-06,16:00:00,USDCNY.IB,90D,ATM,4.8,5.0,4.9083
2025-02-07,16:00:00,USDCNY.IB,180D,ATM,5.0956,5.0956,5.0956
2025-02-07,16:00:00,USDCNY.IB,30D,ATM,4.3,4.7,4.5125
2025-02-07,16:00:00,USDCNY.IB,360D,ATM,5.225,5.3,5.2608
2025-02-07,16:00:00,USDCNY.IB,540D,ATM,5.2,5.6,5.4
2025-02-07,16:00:00,USDCNY.IB,720D,ATM,5.3,5.7,5.5
2025-02-07,16:00:00,USDCNY.IB,7D,ATM,4.5,4.9,4.6043
2025-02-07,16:00:00,USDCNY.IB,90D,ATM,4.65,5.0,4.725
2025-02-10,16:00:00,USDCNY.IB,180D,ATM,4.95,5.3,5.125
2025-02-10,16:00:00,USDCNY.IB,30D,ATM,4.35,4.85,4.5241
2025-02-10,16:00:00,USDCNY.IB,360D,ATM,5.25,5.3,5.275
2025-02-10,16:00:00,USDCNY.IB,540D,ATM,5.15,5.6,5.375
2025-02-10,16:00:00,USDCNY.IB,720D,ATM,5.25,5.7,5.475
2025-02-10,16:00:00,USDCNY.IB,7D,ATM,3.9,4.2,4.1333
2025-02-10,16:00:00,USDCNY.IB,90D,ATM,4.7636,4.7636,4.7636
2025-02-11,16:00:00,USDCNY.IB,180D,ATM,4.9464,4.9464,4.9464
2025-02-11,16:00:00,USDCNY.IB,30D,ATM,3.876,3.876,3.876
2025-02-11,16:00:00,USDCNY.IB,360D,ATM,5.0,5.1,5.0911
2025-02-11,16:00:00,USDCNY.IB,540D,ATM,5.1,5.5,5.3
2025-02-11,16:00:00,USDCNY.IB,720D,ATM,5.2,5.6,5.4
2025-02-11,16:00:00,USDCNY.IB,7D,ATM,3.3,3.7,3.4929
2025-02-11,16:00:00,USDCNY.IB,90D,ATM,4.4881,4.4881,4.4881
2025-02-13,16:00:00,USDCNY.IB,180D,ATM,4.65,4.95,4.8
2025-02-13,16:00:00,USDCNY.IB,30D,ATM,3.8,3.9,3.8241
2025-02-13,16:00:00,USDCNY.IB,360D,ATM,4.9962,4.9962,4.9962
2025-02-13,16:00:00,USDCNY.IB,540D,ATM,5.05,5.4,5.225
2025-02-13,16:00:00,USDCNY.IB,720D,ATM,5.15,5.55,5.35
2025-02-13,16:00:00,USDCNY.IB,7D,ATM,3.6,4.2,3.7805
2025-02-13,16:00:00,USDCNY.IB,90D,ATM,4.4717,4.4717,4.4717
2025-02-14,16:00:00,USDCNY.IB,180D,ATM,4.7135,4.7135,4.7135
2025-02-14,16:00:00,USDCNY.IB,30D,ATM,3.8,3.9,3.8
2025-02-14,16:00:00,USDCNY.IB,360D,ATM,4.9,4.9,4.9
2025-02-14,16:00:00,USDCNY.IB,540D,ATM,5.0,5.3,5.15
2025-02-14,16:00:00,USDCNY.IB,720D,ATM,5.1,5.45,5.275
2025-02-14,16:00:00,USDCNY.IB,7D,ATM,3.7,4.1,3.7001
2025-02-14,16:00:00,USDCNY.IB,90D,ATM,4.2,4.6,4.375
2025-02-17,16:00:00,USDCNY.IB,180D,ATM,4.725,4.725,4.725
2025-02-17,16:00:00,USDCNY.IB,30D,ATM,3.9693,3.9693,3.9693
2025-02-17,16:00:00,USDCNY.IB,360D,ATM,4.85,5.0,4.925
2025-02-17,16:00:00,USDCNY.IB,540D,ATM,4.9,5.25,5.075
2025-02-17,16:00:00,USDCNY.IB,720D,ATM,5.05,5.4,5.225
2025-02-17,16:00:00,USDCNY.IB,7D,ATM,4.025,4.025,4.025
2025-02-17,16:00:00,USDCNY.IB,90D,ATM,4.3,4.6,4.4
2025-02-18,16:00:00,USDCNY.IB,180D,ATM,4.6,4.7,4.6531
2025-02-18,16:00:00,USDCNY.IB,30D,ATM,3.725,3.725,3.725
2025-02-18,16:00:00,USDCNY.IB,360D,ATM,4.8604,4.8604,4.8604
2025-02-18,16:00:00,USDCNY.IB,540D,ATM,4.85,5.25,5.05
2025-02-18,16:00:00,USDCNY.IB,720D,ATM,5.0,5.4,5.2
2025-02-18,16:00:00,USDCNY.IB,7D,ATM,3.3,3.6,3.45
2025-02-18,16:00:00,USDCNY.IB,90D,ATM,4.25,4.55,4.3598
2025-02-19,16:00:00,USDCNY.IB,180D,ATM,4.6,4.6,4.6
2025-02-19,16:00:00,USDCNY.IB,30D,ATM,3.6255,3.6255,3.6255
2025-02-19,16:00:00,USDCNY.IB,360D,ATM,4.65,5.05,4.8388
2025-02-19,16:00:00,USDCNY.IB,540D,ATM,4.8,5.25,5.025
2025-02-19,16:00:00,USDCNY.IB,720D,ATM,4.95,5.4,5.175
2025-02-19,16:00:00,USDCNY.IB,7D,ATM,3.0,3.6,3.35
2025-02-19,16:00:00,USDCNY.IB,90D,ATM,4.2,4.2,4.2
2025-02-20,16:00:00,USDCNY.IB,180D,ATM,4.575,4.675,4.625
2025-02-20,16:00:00,USDCNY.IB,30D,ATM,3.75,3.9,3.8275
2025-02-20,16:00:00,USDCNY.IB,360D,ATM,4.85,4.85,4.85
2025-02-20,16:00:00,USDCNY.IB,540D,ATM,4.8,5.25,5.025
2025-02-20,16:00:00,USDCNY.IB,720D,ATM,4.95,5.4,5.175
2025-02-20,16:00:00,USDCNY.IB,7D,ATM,3.4,3.9,3.6972
2025-02-20,16:00:00,USDCNY.IB,90D,ATM,4.25,4.25,4.25
2025-02-21,16:00:00,USDCNY.IB,180D,ATM,4.5926,4.5926,4.5926
2025-02-21,16:00:00,USDCNY.IB,30D,ATM,4.0029,4.0029,4.0029
2025-02-21,16:00:00,USDCNY.IB,360D,ATM,4.825,4.825,4.825
2025-02-21,16:00:00,USDCNY.IB,540D,ATM,4.8,5.25,5.025
2025-02-21,16:00:00,USDCNY.IB,720D,ATM,4.95,5.4,5.175
2025-02-21,16:00:00,USDCNY.IB,7D,ATM,4.0,4.4,4.3
2025-02-21,16:00:00,USDCNY.IB,90D,ATM,4.3125,4.3125,4.3125
2025-02-24,16:00:00,USDCNY.IB,180D,ATM,4.575,4.575,4.575
2025-02-24,16:00:00,USDCNY.IB,30D,ATM,4.075,4.075,4.075
2025-02-24,16:00:00,USDCNY.IB,360D,ATM,4.775,4.775,4.775
2025-02-24,16:00:00,USDCNY.IB,540D,ATM,4.8,5.2,5.0
2025-02-24,16:00:00,USDCNY.IB,720D,ATM,4.95,5.35,5.15
2025-02-24,16:00:00,USDCNY.IB,7D,ATM,4.0,4.6,4.385
2025-02-24,16:00:00,USDCNY.IB,90D,ATM,4.1,4.5,4.3
2025-02-25,16:00:00,USDCNY.IB,180D,ATM,4.5548,4.5548,4.5548
2025-02-25,16:00:00,USDCNY.IB,30D,ATM,3.75,4.0,3.88
2025-02-25,16:00:00,USDCNY.IB,360D,ATM,4.6,4.9,4.7441
2025-02-25,16:00:00,USDCNY.IB,540D,ATM,4.7,5.1,4.9
2025-02-25,16:00:00,USDCNY.IB,720D,ATM,4.85,5.25,5.05
2025-02-25,16:00:00,USDCNY.IB,7D,ATM,3.5,4.0,3.8
2025-02-25,16:00:00,USDCNY.IB,90D,ATM,4.0,4.4,4.2
2025-02-26,16:00:00,USDCNY.IB,180D,ATM,4.5708,4.5708,4.5708
2025-02-26,16:00:00,USDCNY.IB,30D,ATM,3.8971,3.8971,3.8971
2025-02-26,16:00:00,USDCNY.IB,360D,ATM,4.7633,4.7633,4.7633
2025-02-26,16:00:00,USDCNY.IB,540D,ATM,4.7,5.1,4.9
2025-02-26,16:00:00,USDCNY.IB,720D,ATM,4.85,5.25,5.05
2025-02-26,16:00:00,USDCNY.IB,7D,ATM,3.8,4.3,4.0
2025-02-26,16:00:00,USDCNY.IB,90D,ATM,4.05,4.4,4.3
2025-02-27,16:00:00,USDCNY.IB,180D,ATM,4.625,4.625,4.625
2025-02-27,16:00:00,USDCNY.IB,30D,ATM,4.0903,4.0903,4.0903
2025-02-27,16:00:00,USDCNY.IB,360D,ATM,4.8213,4.8213,4.8213
2025-02-27,16:00:00,USDCNY.IB,540D,ATM,4.7,5.1,4.9
2025-02-27,16:00:00,USDCNY.IB,720D,ATM,4.85,5.25,5.05
2025-02-27,16:00:00,USDCNY.IB,7D,ATM,3.7,4.0,3.85
2025-02-27,16:00:00,USDCNY.IB,90D,ATM,4.25,4.45,4.3214
2025-02-28,16:00:00,USDCNY.IB,180D,ATM,4.7525,4.7525,4.7525
2025-02-28,16:00:00,USDCNY.IB,30D,ATM,4.29,4.29,4.29
2025-02-28,16:00:00,USDCNY.IB,360D,ATM,4.9996,4.9996,4.9996
2025-02-28,16:00:00,USDCNY.IB,540D,ATM,4.8,5.25,5.025
2025-02-28,16:00:00,USDCNY.IB,720D,ATM,4.85,5.3,5.075
2025-02-28,16:00:00,USDCNY.IB,7D,ATM,4.1,4.1,4.1
2025-02-28,16:00:00,USDCNY.IB,90D,ATM,4.4413,4.4413,4.4413
2025-03-03,16:00:00,USDCNY.IB,180D,ATM,4.7966,4.7966,4.7966
2025-03-03,16:00:00,USDCNY.IB,30D,ATM,4.1675,4.1675,4.1675
2025-03-03,16:00:00,USDCNY.IB,360D,ATM,4.8,5.15,4.9787
2025-03-03,16:00:00,USDCNY.IB,540D,ATM,4.85,5.3,5.075
2025-03-03,16:00:00,USDCNY.IB,720D,ATM,4.85,5.35,5.1
2025-03-03,16:00:00,USDCNY.IB,7D,ATM,3.7,4.0,4.0
2025-03-03,16:00:00,USDCNY.IB,90D,ATM,4.5,4.5,4.5
2025-03-04,16:00:00,USDCNY.IB,180D,ATM,4.8267,4.8267,4.8267
2025-03-04,16:00:00,USDCNY.IB,30D,ATM,4.15,4.4,4.3001
2025-03-04,16:00:00,USDCNY.IB,360D,ATM,5.0087,5.0087,5.0087
2025-03-04,16:00:00,USDCNY.IB,540D,ATM,4.9,5.35,5.125
2025-03-04,16:00:00,USDCNY.IB,720D,ATM,4.9,5.4,5.15
2025-03-04,16:00:00,USDCNY.IB,7D,ATM,3.8,4.3,4.1001
2025-03-04,16:00:00,USDCNY.IB,90D,ATM,4.6,4.6,4.6
2025-03-05,16:00:00,USDCNY.IB,180D,ATM,4.7,4.95,4.805
2025-03-05,16:00:00,USDCNY.IB,30D,ATM,4.3611,4.3611,4.3611
2025-03-05,16:00:00,USDCNY.IB,360D,ATM,4.9833,4.9833,4.9833
2025-03-05,16:00:00,USDCNY.IB,540D,ATM,4.95,5.35,5.15
2025-03-05,16:00:00,USDCNY.IB,720D,ATM,4.95,5.45,5.2
2025-03-05,16:00:00,USDCNY.IB,7D,ATM,4.2,4.5,4.25
2025-03-05,16:00:00,USDCNY.IB,90D,ATM,4.55,4.55,4.55
2025-03-06,16:00:00,USDCNY.IB,180D,ATM,4.7,4.95,4.839
2025-03-06,16:00:00,USDCNY.IB,30D,ATM,4.4083,4.4083,4.4083
2025-03-06,16:00:00,USDCNY.IB,360D,ATM,4.996,4.996,4.996
2025-03-06,16:00:00,USDCNY.IB,540D,ATM,4.95,5.35,5.15
2025-03-06,16:00:00,USDCNY.IB,720D,ATM,4.95,5.45,5.2
2025-03-06,16:00:00,USDCNY.IB,7D,ATM,4.3,4.8,4.6207
2025-03-06,16:00:00,USDCNY.IB,90D,ATM,4.625,4.625,4.625
2025-03-07,16:00:00,USDCNY.IB,180D,ATM,4.65,4.95,4.8
2025-03-07,16:00:00,USDCNY.IB,30D,ATM,4.15,4.6,4.3536
2025-03-07,16:00:00,USDCNY.IB,360D,ATM,4.8,5.15,4.975
2025-03-07,16:00:00,USDCNY.IB,540D,ATM,4.95,5.35,5.15
2025-03-07,16:00:00,USDCNY.IB,720D,ATM,4.95,5.45,5.2
2025-03-07,16:00:00,USDCNY.IB,7D,ATM,4.2,4.6,4.3643
2025-03-07,16:00:00,USDCNY.IB,90D,ATM,4.4,4.75,4.585
2025-03-10,16:00:00,USDCNY.IB,180D,ATM,4.7,4.8,4.7603
2025-03-10,16:00:00,USDCNY.IB,30D,ATM,4.25,4.25,4.25
2025-03-10,16:00:00,USDCNY.IB,360D,ATM,4.9411,4.9411,4.9411
2025-03-10,16:00:00,USDCNY.IB,540D,ATM,4.95,5.35,5.15
2025-03-10,16:00:00,USDCNY.IB,720D,ATM,4.95,5.45,5.2
2025-03-10,16:00:00,USDCNY.IB,7D,ATM,3.8,4.7,4.2813
2025-03-10,16:00:00,USDCNY.IB,90D,ATM,4.4,4.7,4.4953
2025-03-11,16:00:00,USDCNY.IB,180D,ATM,4.725,4.85,4.7512
2025-03-11,16:00:00,USDCNY.IB,30D,ATM,4.2,4.5,4.3001
2025-03-11,16:00:00,USDCNY.IB,360D,ATM,4.95,4.95,4.95
2025-03-11,16:00:00,USDCNY.IB,540D,ATM,4.95,5.35,5.15
2025-03-11,16:00:00,USDCNY.IB,720D,ATM,4.95,5.45,5.2
2025-03-11,16:00:00,USDCNY.IB,7D,ATM,3.9,4.5,4.1366
2025-03-11,16:00:00,USDCNY.IB,90D,ATM,4.4,4.7,4.534
2025-03-12,16:00:00,USDCNY.IB,180D,ATM,4.65,4.75,4.7
2025-03-12,16:00:00,USDCNY.IB,30D,ATM,4.3,4.3,4.3
2025-03-12,16:00:00,USDCNY.IB,360D,ATM,4.85,4.95,4.925
2025-03-12,16:00:00,USDCNY.IB,540D,ATM,4.95,5.35,5.15
2025-03-12,16:00:00,USDCNY.IB,720D,ATM,4.95,5.45,5.2
2025-03-12,16:00:00,USDCNY.IB,7D,ATM,3.9,4.8,4.2876
2025-03-12,16:00:00,USDCNY.IB,90D,ATM,4.425,4.525,4.475
2025-03-13,16:00:00,USDCNY.IB,180D,ATM,4.6316,4.6316,4.6316
2025-03-13,16:00:00,USDCNY.IB,30D,ATM,4.1,4.1,4.1
2025-03-13,16:00:00,USDCNY.IB,360D,ATM,4.85,4.85,4.85
2025-03-13,16:00:00,USDCNY.IB,540D,ATM,4.85,5.25,5.05
2025-03-13,16:00:00,USDCNY.IB,720D,ATM,4.9,5.35,5.125
2025-03-13,16:00:00,USDCNY.IB,7D,ATM,3.9916,3.9916,3.9916
2025-03-13,16:00:00,USDCNY.IB,90D,ATM,4.25,4.35,4.3451
2025-03-14,16:00:00,USDCNY.IB,180D,ATM,4.4,4.7,4.55
2025-03-14,16:00:00,USDCNY.IB,30D,ATM,3.8,4.1,4.0275
2025-03-14,16:00:00,USDCNY.IB,360D,ATM,4.6,4.9,4.75
2025-03-14,16:00:00,USDCNY.IB,540D,ATM,4.85,5.25,5.05
2025-03-14,16:00:00,USDCNY.IB,720D,ATM,4.9,5.35,5.125
2025-03-14,16:00:00,USDCNY.IB,7D,ATM,3.7,4.1,3.956
2025-03-14,16:00:00,USDCNY.IB,90D,ATM,4.1,4.45,4.265
2025-03-17,16:00:00,USDCNY.IB,180D,ATM,4.5,4.5,4.5
2025-03-17,16:00:00,USDCNY.IB,30D,ATM,3.9807,3.9807,3.9807
2025-03-17,16:00:00,USDCNY.IB,360D,ATM,4.7375,4.7375,4.7375
2025-03-17,16:00:00,USDCNY.IB,540D,ATM,4.85,5.25,5.05
2025-03-17,16:00:00,USDCNY.IB,720D,ATM,4.9,5.35,5.125
2025-03-17,16:00:00,USDCNY.IB,7D,ATM,3.8,4.0,3.9447
2025-03-17,16:00:00,USDCNY.IB,90D,ATM,4.05,4.45,4.25
2025-03-18,16:00:00,USDCNY.IB,180D,ATM,4.425,4.475,4.4584
2025-03-18,16:00:00,USDCNY.IB,30D,ATM,3.7,4.3,3.9887
2025-03-18,16:00:00,USDCNY.IB,360D,ATM,4.55,4.85,4.6603
2025-03-18,16:00:00,USDCNY.IB,540D,ATM,4.6,5.0,4.8
2025-03-18,16:00:00,USDCNY.IB,720D,ATM,4.7,5.0,4.85
2025-03-18,16:00:00,USDCNY.IB,7D,ATM,3.85,4.1,3.9519
2025-03-18,16:00:00,USDCNY.IB,90D,ATM,3.9,4.25,4.1
2025-03-19,16:00:00,USDCNY.IB,180D,ATM,4.25,4.55,4.3875
2025-03-19,16:00:00,USDCNY.IB,30D,ATM,3.75,4.2,3.9944
2025-03-19,16:00:00,USDCNY.IB,360D,ATM,4.62,4.62,4.62
2025-03-19,16:00:00,USDCNY.IB,540D,ATM,4.6,5.0,4.8
2025-03-19,16:00:00,USDCNY.IB,720D,ATM,4.7,5.0,4.85
2025-03-19,16:00:00,USDCNY.IB,7D,ATM,3.95,4.1,4.0234
2025-03-19,16:00:00,USDCNY.IB,90D,ATM,4.0,4.2,4.1005
2025-03-20,16:00:00,USDCNY.IB,180D,ATM,4.3392,4.3392,4.3392
2025-03-20,16:00:00,USDCNY.IB,30D,ATM,3.7616,3.7616,3.7616
2025-03-20,16:00:00,USDCNY.IB,360D,ATM,4.5954,4.5954,4.5954
2025-03-20,16:00:00,USDCNY.IB,540D,ATM,4.6,5.0,4.8
2025-03-20,16:00:00,USDCNY.IB,720D,ATM,4.7,5.0,4.85
2025-03-20,16:00:00,USDCNY.IB,7D,ATM,3.4,3.8,3.7448
2025-03-20,16:00:00,USDCNY.IB,90D,ATM,4.0241,4.0241,4.0241
2025-03-21,16:00:00,USDCNY.IB,180D,ATM,4.1,4.7,4.3964
2025-03-21,16:00:00,USDCNY.IB,30D,ATM,3.67,4.28,3.9962
2025-03-21,16:00:00,USDCNY.IB,360D,ATM,4.575,4.65,4.6171
2025-03-21,16:00:00,USDCNY.IB,540D,ATM,5.0,5.6,5.3
2025-03-21,16:00:00,USDCNY.IB,720D,ATM,5.0,5.6,5.3
2025-03-21,16:00:00,USDCNY.IB,7D,ATM,3.65,4.25,3.95
2025-03-21,16:00:00,USDCNY.IB,90D,ATM,3.8,4.4,4.0986
2025-03-24,16:00:00,USDCNY.IB,180D,ATM,4.375,4.475,4.4417
2025-03-24,16:00:00,USDCNY.IB,30D,ATM,3.73,4.33,4.0
2025-03-24,16:00:00,USDCNY.IB,360D,ATM,4.6,4.7,4.6517
2025-03-24,16:00:00,USDCNY.IB,540D,ATM,5.05,5.65,5.35
2025-03-24,16:00:00,USDCNY.IB,720D,ATM,5.05,5.65,5.35
2025-03-24,16:00:00,USDCNY.IB,7D,ATM,3.55,4.15,3.8835
2025-03-24,16:00:00,USDCNY.IB,90D,ATM,3.85,4.45,4.1532
2025-03-25,16:00:00,USDCNY.IB,180D,ATM,4.4,4.6,4.4777
2025-03-25,16:00:00,USDCNY.IB,30D,ATM,3.75,4.35,4.05
2025-03-25,16:00:00,USDCNY.IB,360D,ATM,4.7,4.75,4.7
2025-03-25,16:00:00,USDCNY.IB,540D,ATM,5.1,5.7,5.4
2025-03-25,16:00:00,USDCNY.IB,720D,ATM,5.1,5.7,5.4
2025-03-25,16:00:00,USDCNY.IB,7D,ATM,3.85,3.95,3.9114
2025-03-25,16:00:00,USDCNY.IB,90D,ATM,4.175,4.275,4.228
2025-03-26,16:00:00,USDCNY.IB,180D,ATM,4.17,4.78,4.475
2025-03-26,16:00:00,USDCNY.IB,30D,ATM,3.75,4.35,4.0125
2025-03-26,16:00:00,USDCNY.IB,360D,ATM,4.38,4.97,4.7
2025-03-26,16:00:00,USDCNY.IB,540D,ATM,5.08,5.67,5.375
2025-03-26,16:00:00,USDCNY.IB,720D,ATM,5.08,5.67,5.375
2025-03-26,16:00:00,USDCNY.IB,7D,ATM,4.05,4.2,4.0625
2025-03-26,16:00:00,USDCNY.IB,90D,ATM,4.1819,4.1819,4.1819
2025-03-27,16:00:00,USDCNY.IB,180D,ATM,4.475,4.575,4.525
2025-03-27,16:00:00,USDCNY.IB,30D,ATM,3.9332,3.9332,3.9332
2025-03-27,16:00:00,USDCNY.IB,360D,ATM,4.4,5.0,4.7475
2025-03-27,16:00:00,USDCNY.IB,540D,ATM,5.1,5.7,5.4
2025-03-27,16:00:00,USDCNY.IB,720D,ATM,5.1,5.7,5.4
2025-03-27,16:00:00,USDCNY.IB,7D,ATM,3.9,4.2,4.075
2025-03-27,16:00:00,USDCNY.IB,90D,ATM,4.2186,4.2186,4.2186
2025-03-28,16:00:00,USDCNY.IB,180D,ATM,4.4,4.5,4.45
2025-03-28,16:00:00,USDCNY.IB,30D,ATM,3.8,3.9,3.8655
2025-03-28,16:00:00,USDCNY.IB,360D,ATM,4.575,4.7,4.6375
2025-03-28,16:00:00,USDCNY.IB,540D,ATM,5.05,5.65,5.35
2025-03-28,16:00:00,USDCNY.IB,720D,ATM,5.05,5.65,5.35
2025-03-28,16:00:00,USDCNY.IB,7D,ATM,3.75,4.2,4.075
2025-03-28,16:00:00,USDCNY.IB,90D,ATM,4.05,4.15,4.1026
2025-03-31,16:00:00,USDCNY.IB,180D,ATM,4.15,4.75,4.45
2025-03-31,16:00:00,USDCNY.IB,30D,ATM,3.875,4.0,3.9161
2025-03-31,16:00:00,USDCNY.IB,360D,ATM,4.35,4.95,4.65
2025-03-31,16:00:00,USDCNY.IB,540D,ATM,5.05,5.65,5.35
2025-03-31,16:00:00,USDCNY.IB,720D,ATM,5.05,5.65,5.35
2025-03-31,16:00:00,USDCNY.IB,7D,ATM,3.8,4.4,4.2
2025-03-31,16:00:00,USDCNY.IB,90D,ATM,4.1,4.175,4.1116
2025-04-01,16:00:00,USDCNY.IB,180D,ATM,4.4745,4.4745,4.4745
2025-04-01,16:00:00,USDCNY.IB,30D,ATM,3.65,4.25,3.95
2025-04-01,16:00:00,USDCNY.IB,360D,ATM,4.6726,4.6726,4.6726
2025-04-01,16:00:00,USDCNY.IB,540D,ATM,5.1,5.7,5.4
2025-04-01,16:00:00,USDCNY.IB,720D,ATM,5.1,5.7,5.4
2025-04-01,16:00:00,USDCNY.IB,7D,ATM,4.2,4.5,4.3
2025-04-01,16:00:00,USDCNY.IB,90D,ATM,3.9,4.5,4.1744
2025-04-02,16:00:00,USDCNY.IB,180D,ATM,4.425,4.525,4.49
2025-04-02,16:00:00,USDCNY.IB,30D,ATM,3.6,4.2,3.9407
2025-04-02,16:00:00,USDCNY.IB,360D,ATM,4.625,4.725,4.675
2025-04-02,16:00:00,USDCNY.IB,540D,ATM,5.08,5.67,5.375
2025-04-02,16:00:00,USDCNY.IB,720D,ATM,5.08,5.67,5.375
2025-04-02,16:00:00,USDCNY.IB,7D,ATM,4.0,4.4,4.1977
2025-04-02,16:00:00,USDCNY.IB,90D,ATM,4.15,4.225,4.1959
2025-04-03,16:00:00,USDCNY.IB,180D,ATM,4.548,4.548,4.548
2025-04-03,16:00:00,USDCNY.IB,30D,ATM,4.207,4.207,4.207
2025-04-03,16:00:00,USDCNY.IB,360D,ATM,4.7,4.7,4.7
2025-04-03,16:00:00,USDCNY.IB,540D,ATM,5.08,5.67,5.375
2025-04-03,16:00:00,USDCNY.IB,720D,ATM,5.08,5.67,5.375
2025-04-03,16:00:00,USDCNY.IB,7D,ATM,4.3,4.9,4.6001
2025-04-03,16:00:00,USDCNY.IB,90D,ATM,4.3636,4.3636,4.3636
2025-04-07,16:00:00,USDCNY.IB,180D,ATM,5.0,5.6,5.3
2025-04-07,16:00:00,USDCNY.IB,30D,ATM,5.0,6.4,5.7
2025-04-07,16:00:00,USDCNY.IB,360D,ATM,5.2,5.7,5.397
2025-04-07,16:00:00,USDCNY.IB,540D,ATM,5.0,5.8,5.4
2025-04-07,16:00:00,USDCNY.IB,720D,ATM,5.0,5.9,5.45
2025-04-07,16:00:00,USDCNY.IB,7D,ATM,5.0,8.0,6.5
2025-04-07,16:00:00,USDCNY.IB,90D,ATM,5.0,5.6,5.4
2025-04-08,16:00:00,USDCNY.IB,180D,ATM,5.2,5.55,5.4673
2025-04-08,16:00:00,USDCNY.IB,30D,ATM,5.2,5.7,5.6
2025-04-08,16:00:00,USDCNY.IB,360D,ATM,5.5773,5.5773,5.5773
2025-04-08,16:00:00,USDCNY.IB,540D,ATM,5.25,6.0,5.625
2025-04-08,16:00:00,USDCNY.IB,720D,ATM,5.25,6.0,5.625
2025-04-08,16:00:00,USDCNY.IB,7D,ATM,5.0,6.0,5.5
2025-04-08,16:00:00,USDCNY.IB,90D,ATM,5.2,5.7,5.5
2025-04-09,16:00:00,USDCNY.IB,180D,ATM,5.8,6.5,6.15
2025-04-09,16:00:00,USDCNY.IB,30D,ATM,5.5,8.0,5.8667
2025-04-09,16:00:00,USDCNY.IB,360D,ATM,5.9995,5.9995,5.9995
2025-04-09,16:00:00,USDCNY.IB,540D,ATM,5.5,6.5,6.0
2025-04-09,16:00:00,USDCNY.IB,720D,ATM,5.6,6.6,6.1
2025-04-09,16:00:00,USDCNY.IB,7D,ATM,5.5,8.0,5.9707
2025-04-09,16:00:00,USDCNY.IB,90D,ATM,5.2,6.7,6.0
2025-04-10,16:00:00,USDCNY.IB,180D,ATM,5.2,6.0,5.5535
2025-04-10,16:00:00,USDCNY.IB,30D,ATM,5.0,5.6,5.4643
2025-04-10,16:00:00,USDCNY.IB,360D,ATM,5.3,5.8,5.6375
2025-04-10,16:00:00,USDCNY.IB,540D,ATM,5.4,6.0,5.7
2025-04-10,16:00:00,USDCNY.IB,720D,ATM,5.5,6.1,5.8
2025-04-10,16:00:00,USDCNY.IB,7D,ATM,4.5,5.5,5.5
2025-04-10,16:00:00,USDCNY.IB,90D,ATM,5.2,5.7,5.4557
2025-04-11,16:00:00,USDCNY.IB,180D,ATM,5.425,5.425,5.425
2025-04-11,16:00:00,USDCNY.IB,30D,ATM,4.8,5.75,5.3
2025-04-11,16:00:00,USDCNY.IB,360D,ATM,5.5409,5.5409,5.5409
2025-04-11,16:00:00,USDCNY.IB,540D,ATM,5.35,5.8,5.575
2025-04-11,16:00:00,USDCNY.IB,720D,ATM,5.4,5.9,5.65
2025-04-11,16:00:00,USDCNY.IB,7D,ATM,5.0,5.8,5.416
2025-04-11,16:00:00,USDCNY.IB,90D,ATM,5.0,5.75,5.375
2025-04-14,16:00:00,USDCNY.IB,180D,ATM,5.3,5.3,5.3
2025-04-14,16:00:00,USDCNY.IB,30D,ATM,4.8,5.4,5.2731
2025-04-14,16:00:00,USDCNY.IB,360D,ATM,5.35,5.55,5.5
2025-04-14,16:00:00,USDCNY.IB,540D,ATM,5.3,5.8,5.55
2025-04-14,16:00:00,USDCNY.IB,720D,ATM,5.4,5.9,5.65
2025-04-14,16:00:00,USDCNY.IB,7D,ATM,4.8,5.7,5.4917
2025-04-14,16:00:00,USDCNY.IB,90D,ATM,5.0,5.4,5.2
2025-04-15,16:00:00,USDCNY.IB,180D,ATM,4.85,5.5,5.0318
2025-04-15,16:00:00,USDCNY.IB,30D,ATM,3.8,4.5,4.4
2025-04-15,16:00:00,USDCNY.IB,360D,ATM,4.7,5.25,5.2333
2025-04-15,16:00:00,USDCNY.IB,540D,ATM,5.55,5.55,5.55
2025-04-15,16:00:00,USDCNY.IB,720D,ATM,5.65,5.65,5.65
2025-04-15,16:00:00,USDCNY.IB,7D,ATM,3.7,4.2,4.0834
2025-04-15,16:00:00,USDCNY.IB,90D,ATM,4.0,4.95,4.8
2025-04-16,16:00:00,USDCNY.IB,180D,ATM,5.0784,5.0784,5.0784
2025-04-16,16:00:00,USDCNY.IB,30D,ATM,4.45,4.45,4.45
2025-04-16,16:00:00,USDCNY.IB,360D,ATM,5.3875,5.3875,5.3875
2025-04-16,16:00:00,USDCNY.IB,540D,ATM,5.35,5.35,5.35
2025-04-16,16:00:00,USDCNY.IB,720D,ATM,5.45,5.45,5.45
2025-04-16,16:00:00,USDCNY.IB,7D,ATM,3.7,4.5,3.9167
2025-04-16,16:00:00,USDCNY.IB,90D,ATM,4.85,4.85,4.85
2025-04-17,16:00:00,USDCNY.IB,180D,ATM,4.9996,4.9996,4.9996
2025-04-17,16:00:00,USDCNY.IB,30D,ATM,4.246,4.246,4.246
2025-04-17,16:00:00,USDCNY.IB,360D,ATM,5.25,5.25,5.25
2025-04-17,16:00:00,USDCNY.IB,540D,ATM,5.3,5.3,5.3
2025-04-17,16:00:00,USDCNY.IB,720D,ATM,5.4,5.4,5.4
2025-04-17,16:00:00,USDCNY.IB,7D,ATM,3.3,3.9,3.5786
2025-04-17,16:00:00,USDCNY.IB,90D,ATM,4.7333,4.7333,4.7333
2025-04-18,16:00:00,USDCNY.IB,180D,ATM,4.958,4.958,4.958
2025-04-18,16:00:00,USDCNY.IB,30D,ATM,4.05,4.25,4.169
2025-04-18,16:00:00,USDCNY.IB,360D,ATM,5.2,5.2,5.2
2025-04-18,16:00:00,USDCNY.IB,540D,ATM,5.325,5.325,5.325
2025-04-18,16:00:00,USDCNY.IB,720D,ATM,5.4,5.4,5.4
2025-04-18,16:00:00,USDCNY.IB,7D,ATM,3.2,3.6,3.4294
2025-04-18,16:00:00,USDCNY.IB,90D,ATM,4.5,4.85,4.675
2025-04-21,16:00:00,USDCNY.IB,180D,ATM,4.975,4.975,4.975
2025-04-21,16:00:00,USDCNY.IB,30D,ATM,4.2531,4.2531,4.2531
2025-04-21,16:00:00,USDCNY.IB,360D,ATM,5.175,5.175,5.175
2025-04-21,16:00:00,USDCNY.IB,540D,ATM,5.325,5.325,5.325
2025-04-21,16:00:00,USDCNY.IB,720D,ATM,5.4,5.4,5.4
2025-04-21,16:00:00,USDCNY.IB,7D,ATM,3.7,4.2,3.9013
2025-04-21,16:00:00,USDCNY.IB,90D,ATM,4.5,4.85,4.7571
2025-04-22,16:00:00,USDCNY.IB,180D,ATM,4.9351,4.9351,4.9351
2025-04-22,16:00:00,USDCNY.IB,30D,ATM,4.2493,4.2493,4.2493
2025-04-22,16:00:00,USDCNY.IB,360D,ATM,5.15,5.15,5.15
2025-04-22,16:00:00,USDCNY.IB,540D,ATM,5.275,5.275,5.275
2025-04-22,16:00:00,USDCNY.IB,720D,ATM,5.35,5.35,5.35
2025-04-22,16:00:00,USDCNY.IB,7D,ATM,3.2,4.0,3.5167
2025-04-22,16:00:00,USDCNY.IB,90D,ATM,4.5,4.85,4.6702
2025-04-23,16:00:00,USDCNY.IB,180D,ATM,4.96,4.96,4.96
2025-04-23,16:00:00,USDCNY.IB,30D,ATM,4.1,4.5,4.2661
2025-04-23,16:00:00,USDCNY.IB,360D,ATM,5.1,5.1,5.1
2025-04-23,16:00:00,USDCNY.IB,540D,ATM,5.275,5.275,5.275
2025-04-23,16:00:00,USDCNY.IB,720D,ATM,5.35,5.35,5.35
2025-04-23,16:00:00,USDCNY.IB,7D,ATM,3.65,3.75,3.6777
2025-04-23,16:00:00,USDCNY.IB,90D,ATM,4.5,4.85,4.675
2025-04-24,16:00:00,USDCNY.IB,180D,ATM,4.85,4.95,4.925
2025-04-24,16:00:00,USDCNY.IB,30D,ATM,4.225,4.225,4.225
2025-04-24,16:00:00,USDCNY.IB,360D,ATM,5.125,5.175,5.125
2025-04-24,16:00:00,USDCNY.IB,540D,ATM,5.05,5.5,5.275
2025-04-24,16:00:00,USDCNY.IB,720D,ATM,5.1,5.6,5.35
2025-04-24,16:00:00,USDCNY.IB,7D,ATM,3.5,4.7,3.8444
2025-04-24,16:00:00,USDCNY.IB,90D,ATM,4.55,4.8,4.625
2025-04-25,16:00:00,USDCNY.IB,180D,ATM,4.85,4.85,4.85
2025-04-25,16:00:00,USDCNY.IB,30D,ATM,4.1219,4.1219,4.1219
2025-04-25,16:00:00,USDCNY.IB,360D,ATM,5.05,5.05,5.05
2025-04-25,16:00:00,USDCNY.IB,540D,ATM,5.05,5.5,5.275
2025-04-25,16:00:00,USDCNY.IB,720D,ATM,5.1,5.6,5.35
2025-04-25,16:00:00,USDCNY.IB,7D,ATM,3.2,3.5,3.35
2025-04-25,16:00:00,USDCNY.IB,90D,ATM,4.45,4.75,4.575
2025-04-28,16:00:00,USDCNY.IB,180D,ATM,4.7,5.0,4.8503
2025-04-28,16:00:00,USDCNY.IB,30D,ATM,3.95,4.4,4.1
2025-04-28,16:00:00,USDCNY.IB,360D,ATM,4.9,5.2,5.0505
2025-04-28,16:00:00,USDCNY.IB,540D,ATM,5.05,5.5,5.275
2025-04-28,16:00:00,USDCNY.IB,720D,ATM,5.1,5.6,5.35
2025-04-28,16:00:00,USDCNY.IB,7D,ATM,3.4,3.4,3.4
2025-04-28,16:00:00,USDCNY.IB,90D,ATM,4.4,4.7,4.5503
2025-04-29,16:00:00,USDCNY.IB,180D,ATM,4.75,4.85,4.8375
2025-04-29,16:00:00,USDCNY.IB,30D,ATM,4.2286,4.2286,4.2286
2025-04-29,16:00:00,USDCNY.IB,360D,ATM,4.75,5.05,5.0111
2025-04-29,16:00:00,USDCNY.IB,540D,ATM,5.0,5.35,5.175
2025-04-29,16:00:00,USDCNY.IB,720D,ATM,5.0,5.5,5.25
2025-04-29,16:00:00,USDCNY.IB,7D,ATM,3.6,4.7,4.4
2025-04-29,16:00:00,USDCNY.IB,90D,ATM,4.55,4.7,4.65
2025-04-30,16:00:00,USDCNY.IB,180D,ATM,4.7,4.725,4.7232
2025-04-30,16:00:00,USDCNY.IB,30D,ATM,4.175,4.25,4.2042
2025-04-30,16:00:00,USDCNY.IB,360D,ATM,4.8,5.15,4.95
2025-04-30,16:00:00,USDCNY.IB,540D,ATM,5.0,5.35,5.175
2025-04-30,16:00:00,USDCNY.IB,720D,ATM,5.0,5.5,5.25
2025-04-30,16:00:00,USDCNY.IB,7D,ATM,3.6,5.0,4.45
2025-04-30,16:00:00,USDCNY.IB,90D,ATM,4.495,4.495,4.495
2025-05-06,16:00:00,USDCNY.IB,180D,ATM,4.6,4.8,4.7832
2025-05-06,16:00:00,USDCNY.IB,30D,ATM,4.6,4.6,4.6
2025-05-06,16:00:00,USDCNY.IB,360D,ATM,4.825,4.95,4.8952
2025-05-06,16:00:00,USDCNY.IB,540D,ATM,5.0,5.45,5.225
2025-05-06,16:00:00,USDCNY.IB,720D,ATM,5.0,5.55,5.275
2025-05-06,16:00:00,USDCNY.IB,7D,ATM,4.8,5.4,5.2485
2025-05-06,16:00:00,USDCNY.IB,90D,ATM,4.5958,4.5958,4.5958
2025-05-07,16:00:00,USDCNY.IB,180D,ATM,4.65,4.65,4.65
2025-05-07,16:00:00,USDCNY.IB,30D,ATM,4.5286,4.5286,4.5286
2025-05-07,16:00:00,USDCNY.IB,360D,ATM,4.75,4.9,4.825
2025-05-07,16:00:00,USDCNY.IB,540D,ATM,4.9,5.2,5.05
2025-05-07,16:00:00,USDCNY.IB,720D,ATM,5.0,5.35,5.175
2025-05-07,16:00:00,USDCNY.IB,7D,ATM,4.8,5.8,4.8001
2025-05-07,16:00:00,USDCNY.IB,90D,ATM,4.4,4.6,4.494
2025-05-08,16:00:00,USDCNY.IB,180D,ATM,4.5,4.85,4.65
2025-05-08,16:00:00,USDCNY.IB,30D,ATM,4.25,4.4,4.35
2025-05-08,16:00:00,USDCNY.IB,360D,ATM,4.85,4.85,4.85
2025-05-08,16:00:00,USDCNY.IB,540D,ATM,4.85,5.15,5.0
2025-05-08,16:00:00,USDCNY.IB,720D,ATM,4.9,5.3,5.1
2025-05-08,16:00:00,USDCNY.IB,7D,ATM,4.2,4.6,4.4913
2025-05-08,16:00:00,USDCNY.IB,90D,ATM,4.35,4.6,4.4943
2025-05-09,16:00:00,USDCNY.IB,180D,ATM,4.6,4.75,4.675
2025-05-09,16:00:00,USDCNY.IB,30D,ATM,4.3251,4.3251,4.3251
2025-05-09,16:00:00,USDCNY.IB,360D,ATM,4.8754,4.8754,4.8754
2025-05-09,16:00:00,USDCNY.IB,540D,ATM,4.85,5.15,5.0
2025-05-09,16:00:00,USDCNY.IB,720D,ATM,4.9,5.3,5.1
2025-05-09,16:00:00,USDCNY.IB,7D,ATM,4.25,4.8,4.3
2025-05-09,16:00:00,USDCNY.IB,90D,ATM,4.45,4.525,4.456
2025-05-12,16:00:00,USDCNY.IB,180D,ATM,4.625,4.7,4.6521
2025-05-12,16:00:00,USDCNY.IB,30D,ATM,4.35,4.5,4.3959
2025-05-12,16:00:00,USDCNY.IB,360D,ATM,4.8667,4.8667,4.8667
2025-05-12,16:00:00,USDCNY.IB,540D,ATM,4.85,5.15,5.0
2025-05-12,16:00:00,USDCNY.IB,720D,ATM,4.9,5.3,5.1
2025-05-12,16:00:00,USDCNY.IB,7D,ATM,4.1,4.9,4.7545
2025-05-12,16:00:00,USDCNY.IB,90D,ATM,4.3,4.7,4.4897
2025-05-13,16:00:00,USDCNY.IB,180D,ATM,4.35,4.6,4.517
2025-05-13,16:00:00,USDCNY.IB,30D,ATM,3.8,4.1,4.0787
2025-05-13,16:00:00,USDCNY.IB,360D,ATM,4.705,4.705,4.705
2025-05-13,16:00:00,USDCNY.IB,540D,ATM,4.55,5.05,4.8
2025-05-13,16:00:00,USDCNY.IB,720D,ATM,4.6,5.15,4.875
2025-05-13,16:00:00,USDCNY.IB,7D,ATM,3.8,4.5,4.445
2025-05-13,16:00:00,USDCNY.IB,90D,ATM,4.15,4.4,4.2973
2025-05-14,16:00:00,USDCNY.IB,180D,ATM,4.35,4.8,4.4445
2025-05-14,16:00:00,USDCNY.IB,30D,ATM,3.8,4.3,4.05
2025-05-14,16:00:00,USDCNY.IB,360D,ATM,4.575,5.0,4.65
2025-05-14,16:00:00,USDCNY.IB,540D,ATM,4.55,5.0,4.775
2025-05-14,16:00:00,USDCNY.IB,720D,ATM,4.6,5.1,4.85
2025-05-14,16:00:00,USDCNY.IB,7D,ATM,3.7,4.6,3.8833
2025-05-14,16:00:00,USDCNY.IB,90D,ATM,4.15,4.6,4.2944
2025-05-15,16:00:00,USDCNY.IB,180D,ATM,4.4,4.525,4.4789
2025-05-15,16:00:00,USDCNY.IB,30D,ATM,3.7,4.3,3.9422
2025-05-15,16:00:00,USDCNY.IB,360D,ATM,4.6667,4.6667,4.6667
2025-05-15,16:00:00,USDCNY.IB,540D,ATM,4.55,5.0,4.775
2025-05-15,16:00:00,USDCNY.IB,720D,ATM,4.6,5.1,4.85
2025-05-15,16:00:00,USDCNY.IB,7D,ATM,3.3,3.7,3.5769
2025-05-15,16:00:00,USDCNY.IB,90D,ATM,4.1,4.4,4.25
2025-05-16,16:00:00,USDCNY.IB,180D,ATM,4.45,4.45,4.45
2025-05-16,16:00:00,USDCNY.IB,30D,ATM,3.65,3.95,3.8
2025-05-16,16:00:00,USDCNY.IB,360D,ATM,4.65,4.65,4.65
2025-05-16,16:00:00,USDCNY.IB,540D,ATM,4.55,5.0,4.775
2025-05-16,16:00:00,USDCNY.IB,720D,ATM,4.6,5.1,4.85
2025-05-16,16:00:00,USDCNY.IB,7D,ATM,3.3,3.5,3.4
2025-05-16,16:00:00,USDCNY.IB,90D,ATM,4.2,4.2,4.2
2025-05-19,16:00:00,USDCNY.IB,180D,ATM,4.4,4.4,4.4
2025-05-19,16:00:00,USDCNY.IB,30D,ATM,3.6,4.0,3.8948
2025-05-19,16:00:00,USDCNY.IB,360D,ATM,4.6155,4.6155,4.6155
2025-05-19,16:00:00,USDCNY.IB,540D,ATM,4.55,5.0,4.775
2025-05-19,16:00:00,USDCNY.IB,720D,ATM,4.6,5.1,4.85
2025-05-19,16:00:00,USDCNY.IB,7D,ATM,3.2,3.6,3.55
2025-05-19,16:00:00,USDCNY.IB,90D,ATM,4.05,4.25,4.1751
2025-05-20,16:00:00,USDCNY.IB,180D,ATM,4.25,4.55,4.3998
2025-05-20,16:00:00,USDCNY.IB,30D,ATM,3.6,4.0,3.8241
2025-05-20,16:00:00,USDCNY.IB,360D,ATM,4.45,4.75,4.6
2025-05-20,16:00:00,USDCNY.IB,540D,ATM,4.55,5.0,4.775
2025-05-20,16:00:00,USDCNY.IB,720D,ATM,4.6,5.1,4.85
2025-05-20,16:00:00,USDCNY.IB,7D,ATM,3.3,3.6,3.4738
2025-05-20,16:00:00,USDCNY.IB,90D,ATM,4.0,4.2,4.1065
2025-05-21,16:00:00,USDCNY.IB,180D,ATM,4.2,4.5,4.362
2025-05-21,16:00:00,USDCNY.IB,30D,ATM,3.5,3.9,3.8
2025-05-21,16:00:00,USDCNY.IB,360D,ATM,4.575,4.575,4.575
2025-05-21,16:00:00,USDCNY.IB,540D,ATM,4.55,4.95,4.75
2025-05-21,16:00:00,USDCNY.IB,720D,ATM,4.6,5.05,4.825
2025-05-21,16:00:00,USDCNY.IB,7D,ATM,3.3,3.6,3.45
2025-05-21,16:00:00,USDCNY.IB,90D,ATM,3.85,4.2,4.075
2025-05-22,16:00:00,USDCNY.IB,180D,ATM,4.35,4.35,4.35
2025-05-22,16:00:00,USDCNY.IB,30D,ATM,3.775,3.875,3.8219
2025-05-22,16:00:00,USDCNY.IB,360D,ATM,4.55,4.55,4.55
2025-05-22,16:00:00,USDCNY.IB,540D,ATM,4.55,4.95,4.75
2025-05-22,16:00:00,USDCNY.IB,720D,ATM,4.6,5.05,4.825
2025-05-22,16:00:00,USDCNY.IB,7D,ATM,3.0,3.7,3.35
2025-05-22,16:00:00,USDCNY.IB,90D,ATM,3.95,4.25,4.1048
2025-05-23,16:00:00,USDCNY.IB,180D,ATM,4.15,4.5,4.375
2025-05-23,16:00:00,USDCNY.IB,30D,ATM,3.6,3.95,3.7893
2025-05-23,16:00:00,USDCNY.IB,360D,ATM,4.4,4.7,4.55
2025-05-23,16:00:00,USDCNY.IB,540D,ATM,4.55,4.95,4.75
2025-05-23,16:00:00,USDCNY.IB,720D,ATM,4.6,5.05,4.825
2025-05-23,16:00:00,USDCNY.IB,7D,ATM,3.1,3.7,3.3172
2025-05-23,16:00:00,USDCNY.IB,90D,ATM,4.05,4.125,4.0621
2025-05-26,16:00:00,USDCNY.IB,180D,ATM,4.25,4.65,4.4039
2025-05-26,16:00:00,USDCNY.IB,30D,ATM,3.9,4.1,4.1
2025-05-26,16:00:00,USDCNY.IB,360D,ATM,4.6147,4.6147,4.6147
2025-05-26,16:00:00,USDCNY.IB,540D,ATM,4.55,4.95,4.75
2025-05-26,16:00:00,USDCNY.IB,720D,ATM,4.6,5.05,4.825
2025-05-26,16:00:00,USDCNY.IB,7D,ATM,3.5,4.5,4.0
2025-05-26,16:00:00,USDCNY.IB,90D,ATM,4.0,4.5,4.1875
2025-05-27,16:00:00,USDCNY.IB,180D,ATM,4.35,4.35,4.35
2025-05-27,16:00:00,USDCNY.IB,30D,ATM,3.8,4.0,3.9423
2025-05-27,16:00:00,USDCNY.IB,360D,ATM,4.5838,4.5838,4.5838
2025-05-27,16:00:00,USDCNY.IB,540D,ATM,4.55,4.95,4.75
2025-05-27,16:00:00,USDCNY.IB,720D,ATM,4.6,5.05,4.825
2025-05-27,16:00:00,USDCNY.IB,7D,ATM,3.5,4.0,4.0
2025-05-27,16:00:00,USDCNY.IB,90D,ATM,4.05,4.25,4.2193
2025-05-28,16:00:00,USDCNY.IB,180D,ATM,4.3583,4.3583,4.3583
2025-05-28,16:00:00,USDCNY.IB,30D,ATM,3.7,4.0,3.85
2025-05-28,16:00:00,USDCNY.IB,360D,ATM,4.557,4.557,4.557
2025-05-28,16:00:00,USDCNY.IB,540D,ATM,4.55,4.95,4.75
2025-05-28,16:00:00,USDCNY.IB,720D,ATM,4.6,5.05,4.825
2025-05-28,16:00:00,USDCNY.IB,7D,ATM,3.3,3.9,3.75
2025-05-28,16:00:00,USDCNY.IB,90D,ATM,4.0,4.15,4.075
2025-05-29,16:00:00,USDCNY.IB,180D,ATM,4.2,4.5,4.35
2025-05-29,16:00:00,USDCNY.IB,30D,ATM,3.85,3.9,3.8531
2025-05-29,16:00:00,USDCNY.IB,360D,ATM,4.575,4.575,4.575
2025-05-29,16:00:00,USDCNY.IB,540D,ATM,4.55,4.85,4.7
2025-05-29,16:00:00,USDCNY.IB,720D,ATM,4.65,4.9,4.775
2025-05-29,16:00:00,USDCNY.IB,7D,ATM,3.8033,3.8033,3.8033
2025-05-29,16:00:00,USDCNY.IB,90D,ATM,4.0,4.125,4.1096
2025-06-03,16:00:00,USDCNY.IB,180D,ATM,4.315,4.315,4.315
2025-06-03,16:00:00,USDCNY.IB,30D,ATM,3.65,4.1,3.8385
2025-06-03,16:00:00,USDCNY.IB,360D,ATM,4.55,4.55,4.55
2025-06-03,16:00:00,USDCNY.IB,540D,ATM,4.55,4.85,4.7
2025-06-03,16:00:00,USDCNY.IB,720D,ATM,4.65,4.9,4.775
2025-06-03,16:00:00,USDCNY.IB,7D,ATM,3.6,3.9,3.7316
2025-06-03,16:00:00,USDCNY.IB,90D,ATM,4.0,4.25,4.05
2025-06-04,16:00:00,USDCNY.IB,180D,ATM,4.2,4.45,4.325
2025-06-04,16:00:00,USDCNY.IB,30D,ATM,3.65,4.1,3.7988
2025-06-04,16:00:00,USDCNY.IB,360D,ATM,4.5474,4.5474,4.5474
2025-06-04,16:00:00,USDCNY.IB,540D,ATM,4.5,4.8,4.65
2025-06-04,16:00:00,USDCNY.IB,720D,ATM,4.6,4.85,4.725
2025-06-04,16:00:00,USDCNY.IB,7D,ATM,3.6729,3.6729,3.6729
2025-06-04,16:00:00,USDCNY.IB,90D,ATM,3.9,4.3,4.0655
2025-06-05,16:00:00,USDCNY.IB,180D,ATM,4.3084,4.3084,4.3084
2025-06-05,16:00:00,USDCNY.IB,30D,ATM,3.55,3.95,3.7832
2025-06-05,16:00:00,USDCNY.IB,360D,ATM,4.5293,4.5293,4.5293
2025-06-05,16:00:00,USDCNY.IB,540D,ATM,4.5,4.8,4.65
2025-06-05,16:00:00,USDCNY.IB,720D,ATM,4.6,4.85,4.725
2025-06-05,16:00:00,USDCNY.IB,7D,ATM,3.6,3.8,3.75
2025-06-05,16:00:00,USDCNY.IB,90D,ATM,3.9,4.2,4.0518
2025-06-06,16:00:00,USDCNY.IB,180D,ATM,4.15,4.45,4.3133
2025-06-06,16:00:00,USDCNY.IB,30D,ATM,3.65,3.9,3.796
2025-06-06,16:00:00,USDCNY.IB,360D,ATM,4.5365,4.5365,4.5365
2025-06-06,16:00:00,USDCNY.IB,540D,ATM,4.5,4.8,4.65
2025-06-06,16:00:00,USDCNY.IB,720D,ATM,4.6,4.85,4.725
2025-06-06,16:00:00,USDCNY.IB,7D,ATM,3.5,4.1,3.7168
2025-06-06,16:00:00,USDCNY.IB,90D,ATM,3.95,4.2,4.0604
2025-06-09,16:00:00,USDCNY.IB,180D,ATM,4.2868,4.2868,4.2868
2025-06-09,16:00:00,USDCNY.IB,30D,ATM,3.6,3.75,3.7045
2025-06-09,16:00:00,USDCNY.IB,360D,ATM,4.525,4.525,4.525
2025-06-09,16:00:00,USDCNY.IB,540D,ATM,4.5,4.8,4.65
2025-06-09,16:00:00,USDCNY.IB,720D,ATM,4.6,4.85,4.725
2025-06-09,16:00:00,USDCNY.IB,7D,ATM,3.2,3.7,3.54
2025-06-09,16:00:00,USDCNY.IB,90D,ATM,3.85,4.2,4.0077
2025-06-10,16:00:00,USDCNY.IB,180D,ATM,4.1,4.4,4.2718
2025-06-10,16:00:00,USDCNY.IB,30D,ATM,3.5,3.8,3.7
2025-06-10,16:00:00,USDCNY.IB,360D,ATM,4.5149,4.5149,4.5149
2025-06-10,16:00:00,USDCNY.IB,540D,ATM,4.5,4.8,4.65
2025-06-10,16:00:00,USDCNY.IB,720D,ATM,4.6,4.85,4.725
2025-06-10,16:00:00,USDCNY.IB,7D,ATM,3.4438,3.4438,3.4438
2025-06-10,16:00:00,USDCNY.IB,90D,ATM,3.85,4.15,3.9795
2025-06-11,16:00:00,USDCNY.IB,180D,ATM,4.2394,4.2394,4.2394
2025-06-11,16:00:00,USDCNY.IB,30D,ATM,3.5,3.55,3.5145
2025-06-11,16:00:00,USDCNY.IB,360D,ATM,4.4678,4.4678,4.4678
2025-06-11,16:00:00,USDCNY.IB,540D,ATM,4.45,4.75,4.6
2025-06-11,16:00:00,USDCNY.IB,720D,ATM,4.5,4.8,4.65
2025-06-11,16:00:00,USDCNY.IB,7D,ATM,3.1,3.45,3.2984
2025-06-11,16:00:00,USDCNY.IB,90D,ATM,3.85,3.975,3.8806
2025-06-12,16:00:00,USDCNY.IB,180D,ATM,4.05,4.35,4.2
2025-06-12,16:00:00,USDCNY.IB,30D,ATM,3.45,3.55,3.5
2025-06-12,16:00:00,USDCNY.IB,360D,ATM,4.415,4.415,4.415
2025-06-12,16:00:00,USDCNY.IB,540D,ATM,4.45,4.7,4.575
2025-06-12,16:00:00,USDCNY.IB,720D,ATM,4.5,4.75,4.625
2025-06-12,16:00:00,USDCNY.IB,7D,ATM,3.2,3.4,3.2521
2025-06-12,16:00:00,USDCNY.IB,90D,ATM,3.7,4.0,3.85
2025-06-13,16:00:00,USDCNY.IB,180D,ATM,4.1,4.45,4.225
2025-06-13,16:00:00,USDCNY.IB,30D,ATM,3.4,4.0,3.7
2025-06-13,16:00:00,USDCNY.IB,360D,ATM,4.3,4.65,4.475
2025-06-13,16:00:00,USDCNY.IB,540D,ATM,4.45,4.7,4.575
2025-06-13,16:00:00,USDCNY.IB,720D,ATM,4.5,4.75,4.625
2025-06-13,16:00:00,USDCNY.IB,7D,ATM,3.3,3.8,3.4235
2025-06-13,16:00:00,USDCNY.IB,90D,ATM,3.7,4.1,3.9
2025-06-16,16:00:00,USDCNY.IB,180D,ATM,4.211,4.211,4.211
2025-06-16,16:00:00,USDCNY.IB,30D,ATM,3.45,3.6,3.525
2025-06-16,16:00:00,USDCNY.IB,360D,ATM,4.4236,4.4236,4.4236
2025-06-16,16:00:00,USDCNY.IB,540D,ATM,4.45,4.7,4.575
2025-06-16,16:00:00,USDCNY.IB,720D,ATM,4.5,4.75,4.625
2025-06-16,16:00:00,USDCNY.IB,7D,ATM,3.038,3.038,3.038
2025-06-16,16:00:00,USDCNY.IB,90D,ATM,3.75,4.05,3.88
2025-06-17,16:00:00,USDCNY.IB,180D,ATM,4.0,4.3,4.1574
2025-06-17,16:00:00,USDCNY.IB,30D,ATM,3.2,3.6,3.4
2025-06-17,16:00:00,USDCNY.IB,360D,ATM,4.3983,4.3983,4.3983
2025-06-17,16:00:00,USDCNY.IB,540D,ATM,4.45,4.7,4.575
2025-06-17,16:00:00,USDCNY.IB,720D,ATM,4.5,4.75,4.625
2025-06-17,16:00:00,USDCNY.IB,7D,ATM,2.5,3.2,2.875
2025-06-17,16:00:00,USDCNY.IB,90D,ATM,3.65,4.0,3.825
2025-06-18,16:00:00,USDCNY.IB,180D,ATM,4.0,4.3,4.15
2025-06-18,16:00:00,USDCNY.IB,30D,ATM,3.35,3.45,3.3977
2025-06-18,16:00:00,USDCNY.IB,360D,ATM,4.375,4.375,4.375
2025-06-18,16:00:00,USDCNY.IB,540D,ATM,4.45,4.7,4.575
2025-06-18,16:00:00,USDCNY.IB,720D,ATM,4.5,4.75,4.625
2025-06-18,16:00:00,USDCNY.IB,7D,ATM,2.9,3.2,3.2
2025-06-18,16:00:00,USDCNY.IB,90D,ATM,3.7,4.0,3.85
2025-06-19,16:00:00,USDCNY.IB,180D,ATM,4.0,4.3,4.15
2025-06-19,16:00:00,USDCNY.IB,30D,ATM,3.15,3.35,3.3
2025-06-19,16:00:00,USDCNY.IB,360D,ATM,4.375,4.375,4.375
2025-06-19,16:00:00,USDCNY.IB,540D,ATM,4.45,4.7,4.575
2025-06-19,16:00:00,USDCNY.IB,720D,ATM,4.5,4.75,4.625
2025-06-19,16:00:00,USDCNY.IB,7D,ATM,2.6902,2.6902,2.6902
2025-06-19,16:00:00,USDCNY.IB,90D,ATM,3.65,3.95,3.815
2025-06-20,16:00:00,USDCNY.IB,180D,ATM,4.125,4.45,4.1509
2025-06-20,16:00:00,USDCNY.IB,30D,ATM,3.25,3.45,3.375
2025-06-20,16:00:00,USDCNY.IB,360D,ATM,4.3698,4.3698,4.3698
2025-06-20,16:00:00,USDCNY.IB,540D,ATM,4.45,4.7,4.575
2025-06-20,16:00:00,USDCNY.IB,720D,ATM,4.5,4.75,4.625
2025-06-20,16:00:00,USDCNY.IB,7D,ATM,2.9,3.2,2.998
2025-06-20,16:00:00,USDCNY.IB,90D,ATM,3.75,3.9,3.825
2025-06-23,16:00:00,USDCNY.IB,180D,ATM,4.0,4.3,4.1527
2025-06-23,16:00:00,USDCNY.IB,30D,ATM,3.25,3.65,3.385
2025-06-23,16:00:00,USDCNY.IB,360D,ATM,4.34,4.39,4.3661
2025-06-23,16:00:00,USDCNY.IB,540D,ATM,4.35,4.65,4.5
2025-06-23,16:00:00,USDCNY.IB,720D,ATM,4.4,4.7,4.55
2025-06-23,16:00:00,USDCNY.IB,7D,ATM,2.85,3.1,2.9667
2025-06-23,16:00:00,USDCNY.IB,90D,ATM,3.7,4.05,3.8333
2025-06-24,16:00:00,USDCNY.IB,180D,ATM,4.1,4.4,4.125
2025-06-24,16:00:00,USDCNY.IB,30D,ATM,3.375,3.375,3.375
2025-06-24,16:00:00,USDCNY.IB,360D,ATM,4.3325,4.3325,4.3325
2025-06-24,16:00:00,USDCNY.IB,540D,ATM,4.35,4.65,4.5
2025-06-24,16:00:00,USDCNY.IB,720D,ATM,4.4,4.7,4.55
2025-06-24,16:00:00,USDCNY.IB,7D,ATM,2.9,3.2,3.025
2025-06-24,16:00:00,USDCNY.IB,90D,ATM,3.7829,3.7829,3.7829
2025-06-25,16:00:00,USDCNY.IB,180D,ATM,4.1161,4.1161,4.1161
2025-06-25,16:00:00,USDCNY.IB,30D,ATM,3.3933,3.3933,3.3933
2025-06-25,16:00:00,USDCNY.IB,360D,ATM,4.355,4.355,4.355
2025-06-25,16:00:00,USDCNY.IB,540D,ATM,4.35,4.65,4.5
2025-06-25,16:00:00,USDCNY.IB,720D,ATM,4.4,4.7,4.55
2025-06-25,16:00:00,USDCNY.IB,7D,ATM,3.15,3.45,3.3
2025-06-25,16:00:00,USDCNY.IB,90D,ATM,3.8183,3.8183,3.8183
2025-06-26,16:00:00,USDCNY.IB,180D,ATM,4.1622,4.1622,4.1622
2025-06-26,16:00:00,USDCNY.IB,30D,ATM,3.3811,3.3811,3.3811
2025-06-26,16:00:00,USDCNY.IB,360D,ATM,4.325,4.4,4.36
2025-06-26,16:00:00,USDCNY.IB,540D,ATM,4.35,4.65,4.5
2025-06-26,16:00:00,USDCNY.IB,720D,ATM,4.4,4.7,4.55
2025-06-26,16:00:00,USDCNY.IB,7D,ATM,3.2,3.6,3.4464
2025-06-26,16:00:00,USDCNY.IB,90D,ATM,3.85,3.95,3.879
2025-06-27,16:00:00,USDCNY.IB,180D,ATM,4.1278,4.1278,4.1278
2025-06-27,16:00:00,USDCNY.IB,30D,ATM,3.35,3.5,3.4125
2025-06-27,16:00:00,USDCNY.IB,360D,ATM,4.3156,4.3156,4.3156
2025-06-27,16:00:00,USDCNY.IB,540D,ATM,4.35,4.65,4.5
2025-06-27,16:00:00,USDCNY.IB,720D,ATM,4.4,4.7,4.55
2025-06-27,16:00:00,USDCNY.IB,7D,ATM,3.0,3.2,3.1961
2025-06-27,16:00:00,USDCNY.IB,90D,ATM,3.8,3.9,3.825
2025-06-30,16:00:00,USDCNY.IB,180D,ATM,4.0,4.25,4.105
2025-06-30,16:00:00,USDCNY.IB,30D,ATM,3.3,3.65,3.4155
2025-06-30,16:00:00,USDCNY.IB,360D,ATM,4.2,4.5,4.3238
2025-06-30,16:00:00,USDCNY.IB,540D,ATM,4.35,4.65,4.5
2025-06-30,16:00:00,USDCNY.IB,720D,ATM,4.4,4.7,4.55
2025-06-30,16:00:00,USDCNY.IB,7D,ATM,3.3,3.5,3.4056
2025-06-30,16:00:00,USDCNY.IB,90D,ATM,3.65,4.0,3.825
2025-07-01,16:00:00,USDCNY.IB,180D,ATM,3.95,4.25,4.103
2025-07-01,16:00:00,USDCNY.IB,30D,ATM,3.3643,3.3643,3.3643
2025-07-01,16:00:00,USDCNY.IB,360D,ATM,4.3315,4.3315,4.3315
2025-07-01,16:00:00,USDCNY.IB,540D,ATM,4.35,4.65,4.5
2025-07-01,16:00:00,USDCNY.IB,720D,ATM,4.4,4.7,4.55
2025-07-01,16:00:00,USDCNY.IB,7D,ATM,3.3125,3.3125,3.3125
2025-07-01,16:00:00,USDCNY.IB,90D,ATM,3.65,3.95,3.8
2025-07-02,16:00:00,USDCNY.IB,180D,ATM,3.95,4.25,4.0946
2025-07-02,16:00:00,USDCNY.IB,30D,ATM,3.2,3.5,3.35
2025-07-02,16:00:00,USDCNY.IB,360D,ATM,4.3158,4.3158,4.3158
2025-07-02,16:00:00,USDCNY.IB,540D,ATM,4.35,4.65,4.5
2025-07-02,16:00:00,USDCNY.IB,720D,ATM,4.4,4.7,4.55
2025-07-02,16:00:00,USDCNY.IB,7D,ATM,3.0,3.5,3.25
2025-07-02,16:00:00,USDCNY.IB,90D,ATM,3.6,3.9,3.798
2025-07-03,16:00:00,USDCNY.IB,180D,ATM,4.05,4.05,4.05
2025-07-03,16:00:00,USDCNY.IB,30D,ATM,3.307,3.307,3.307
2025-07-03,16:00:00,USDCNY.IB,360D,ATM,4.2744,4.2744,4.2744
2025-07-03,16:00:00,USDCNY.IB,540D,ATM,4.35,4.6,4.475
2025-07-03,16:00:00,USDCNY.IB,720D,ATM,4.4,4.7,4.55
2025-07-03,16:00:00,USDCNY.IB,7D,ATM,3.1962,3.1962,3.1962
2025-07-03,16:00:00,USDCNY.IB,90D,ATM,3.7,3.775,3.7366
2025-07-04,16:00:00,USDCNY.IB,180D,ATM,3.9,4.2,3.9716
2025-07-04,16:00:00,USDCNY.IB,30D,ATM,2.85,3.45,3.1174
2025-07-04,16:00:00,USDCNY.IB,360D,ATM,4.175,4.175,4.175
2025-07-04,16:00:00,USDCNY.IB,540D,ATM,4.2,4.55,4.375
2025-07-04,16:00:00,USDCNY.IB,720D,ATM,4.3,4.6,4.45
2025-07-04,16:00:00,USDCNY.IB,7D,ATM,2.7,3.3,2.81
2025-07-04,16:00:00,USDCNY.IB,90D,ATM,3.45,3.85,3.5803
2025-07-07,16:00:00,USDCNY.IB,180D,ATM,3.875,4.0,3.9375
2025-07-07,16:00:00,USDCNY.IB,30D,ATM,3.0513,3.0513,3.0513
2025-07-07,16:00:00,USDCNY.IB,360D,ATM,4.075,4.15,4.1282
2025-07-07,16:00:00,USDCNY.IB,540D,ATM,4.15,4.45,4.3
2025-07-07,16:00:00,USDCNY.IB,720D,ATM,4.2,4.5,4.35
2025-07-07,16:00:00,USDCNY.IB,7D,ATM,2.5,2.9,2.7
2025-07-07,16:00:00,USDCNY.IB,90D,ATM,3.45,3.6,3.55
2025-07-08,16:00:00,USDCNY.IB,180D,ATM,3.8626,3.8626,3.8626
2025-07-08,16:00:00,USDCNY.IB,30D,ATM,2.9,3.05,2.9702
2025-07-08,16:00:00,USDCNY.IB,360D,ATM,4.1156,4.1156,4.1156
2025-07-08,16:00:00,USDCNY.IB,540D,ATM,4.15,4.45,4.3
2025-07-08,16:00:00,USDCNY.IB,720D,ATM,4.2,4.5,4.35
2025-07-08,16:00:00,USDCNY.IB,7D,ATM,2.45,2.6,2.5325
2025-07-08,16:00:00,USDCNY.IB,90D,ATM,3.45,3.5,3.4661
2025-07-09,16:00:00,USDCNY.IB,180D,ATM,3.7,4.0,3.8519
2025-07-09,16:00:00,USDCNY.IB,30D,ATM,2.85,3.2,3.025
2025-07-09,16:00:00,USDCNY.IB,360D,ATM,4.0946,4.0946,4.0946
2025-07-09,16:00:00,USDCNY.IB,540D,ATM,4.15,4.45,4.3
2025-07-09,16:00:00,USDCNY.IB,720D,ATM,4.2,4.5,4.35
2025-07-09,16:00:00,USDCNY.IB,7D,ATM,2.5,2.7,2.575
2025-07-09,16:00:00,USDCNY.IB,90D,ATM,3.35,3.7,3.465
2025-07-10,16:00:00,USDCNY.IB,180D,ATM,3.85,3.875,3.8548
2025-07-10,16:00:00,USDCNY.IB,30D,ATM,2.9838,2.9838,2.9838
2025-07-10,16:00:00,USDCNY.IB,360D,ATM,4.094,4.094,4.094
2025-07-10,16:00:00,USDCNY.IB,540D,ATM,4.15,4.4,4.275
2025-07-10,16:00:00,USDCNY.IB,720D,ATM,4.2,4.5,4.35
2025-07-10,16:00:00,USDCNY.IB,7D,ATM,2.525,2.525,2.525
2025-07-10,16:00:00,USDCNY.IB,90D,ATM,3.3,3.6,3.453
2025-07-11,16:00:00,USDCNY.IB,180D,ATM,3.7,4.0,3.8607
2025-07-11,16:00:00,USDCNY.IB,30D,ATM,2.9991,2.9991,2.9991
2025-07-11,16:00:00,USDCNY.IB,360D,ATM,4.1,4.1,4.1
2025-07-11,16:00:00,USDCNY.IB,540D,ATM,4.15,4.4,4.275
2025-07-11,16:00:00,USDCNY.IB,720D,ATM,4.2,4.5,4.35
2025-07-11,16:00:00,USDCNY.IB,7D,ATM,2.35,2.85,2.6825
2025-07-11,16:00:00,USDCNY.IB,90D,ATM,3.4546,3.4546,3.4546
2025-07-14,16:00:00,USDCNY.IB,180D,ATM,3.825,3.925,3.85
2025-07-14,16:00:00,USDCNY.IB,30D,ATM,2.925,2.95,2.925
2025-07-14,16:00:00,USDCNY.IB,360D,ATM,4.0755,4.0755,4.0755
2025-07-14,16:00:00,USDCNY.IB,540D,ATM,4.15,4.4,4.275
2025-07-14,16:00:00,USDCNY.IB,720D,ATM,4.2,4.5,4.35
2025-07-14,16:00:00,USDCNY.IB,7D,ATM,2.45,2.625,2.6036
2025-07-14,16:00:00,USDCNY.IB,90D,ATM,3.425,3.6,3.5125
2025-07-15,16:00:00,USDCNY.IB,180D,ATM,3.858,3.858,3.858
2025-07-15,16:00:00,USDCNY.IB,30D,ATM,2.95,2.95,2.95
2025-07-15,16:00:00,USDCNY.IB,360D,ATM,4.0875,4.0875,4.0875
2025-07-15,16:00:00,USDCNY.IB,540D,ATM,4.15,4.4,4.275
2025-07-15,16:00:00,USDCNY.IB,720D,ATM,4.2,4.5,4.35
2025-07-15,16:00:00,USDCNY.IB,7D,ATM,2.4929,2.4929,2.4929
2025-07-15,16:00:00,USDCNY.IB,90D,ATM,3.425,3.45,3.4388
2025-07-16,16:00:00,USDCNY.IB,180D,ATM,3.8354,3.8354,3.8354
2025-07-16,16:00:00,USDCNY.IB,30D,ATM,2.9282,2.9282,2.9282
2025-07-16,16:00:00,USDCNY.IB,360D,ATM,4.0771,4.0771,4.0771
2025-07-16,16:00:00,USDCNY.IB,540D,ATM,4.1,4.3,4.2
2025-07-16,16:00:00,USDCNY.IB,720D,ATM,4.15,4.45,4.3
2025-07-16,16:00:00,USDCNY.IB,7D,ATM,2.4,2.55,2.4
2025-07-16,16:00:00,USDCNY.IB,90D,ATM,3.4,3.425,3.4128
2025-07-17,16:00:00,USDCNY.IB,180D,ATM,3.8034,3.8034,3.8034
2025-07-17,16:00:00,USDCNY.IB,30D,ATM,2.875,2.925,2.9197
2025-07-17,16:00:00,USDCNY.IB,360D,ATM,4.0577,4.0577,4.0577
2025-07-17,16:00:00,USDCNY.IB,540D,ATM,4.1,4.3,4.2
2025-07-17,16:00:00,USDCNY.IB,720D,ATM,4.15,4.45,4.3
2025-07-17,16:00:00,USDCNY.IB,7D,ATM,2.225,2.325,2.28
2025-07-17,16:00:00,USDCNY.IB,90D,ATM,3.3,3.6,3.3747
2025-07-18,16:00:00,USDCNY.IB,180D,ATM,3.8,3.8,3.8
2025-07-18,16:00:00,USDCNY.IB,30D,ATM,2.825,2.875,2.865
2025-07-18,16:00:00,USDCNY.IB,360D,ATM,4.0353,4.0353,4.0353
2025-07-18,16:00:00,USDCNY.IB,540D,ATM,4.1,4.3,4.2
2025-07-18,16:00:00,USDCNY.IB,720D,ATM,4.15,4.45,4.3
2025-07-18,16:00:00,USDCNY.IB,7D,ATM,2.1661,2.1661,2.1661
2025-07-18,16:00:00,USDCNY.IB,90D,ATM,3.35,3.4,3.3684
2025-07-21,16:00:00,USDCNY.IB,180D,ATM,3.7,3.8,3.765
2025-07-21,16:00:00,USDCNY.IB,30D,ATM,2.725,2.8,2.75
2025-07-21,16:00:00,USDCNY.IB,360D,ATM,3.95,4.05,4.0217
2025-07-21,16:00:00,USDCNY.IB,540D,ATM,4.0,4.25,4.125
2025-07-21,16:00:00,USDCNY.IB,720D,ATM,4.05,4.35,4.2
2025-07-21,16:00:00,USDCNY.IB,7D,ATM,2.0,2.5,2.0941
2025-07-21,16:00:00,USDCNY.IB,90D,ATM,3.225,3.375,3.3389
2025-07-22,16:00:00,USDCNY.IB,180D,ATM,3.7272,3.7272,3.7272
2025-07-22,16:00:00,USDCNY.IB,30D,ATM,2.6,2.9,2.7643
2025-07-22,16:00:00,USDCNY.IB,360D,ATM,3.85,4.15,4.0
2025-07-22,16:00:00,USDCNY.IB,540D,ATM,4.0,4.25,4.125
2025-07-22,16:00:00,USDCNY.IB,720D,ATM,4.05,4.35,4.2
2025-07-22,16:00:00,USDCNY.IB,7D,ATM,1.8,2.0,1.9583
2025-07-22,16:00:00,USDCNY.IB,90D,ATM,3.1,3.45,3.3047
2025-07-23,16:00:00,USDCNY.IB,180D,ATM,3.7406,3.7406,3.7406
2025-07-23,16:00:00,USDCNY.IB,30D,ATM,2.775,2.825,2.8089
2025-07-23,16:00:00,USDCNY.IB,360D,ATM,3.9993,3.9993,3.9993
2025-07-23,16:00:00,USDCNY.IB,540D,ATM,4.0,4.25,4.125
2025-07-23,16:00:00,USDCNY.IB,720D,ATM,4.05,4.35,4.2
2025-07-23,16:00:00,USDCNY.IB,7D,ATM,2.2,2.6,2.5
2025-07-23,16:00:00,USDCNY.IB,90D,ATM,3.325,3.375,3.3618
2025-07-24,16:00:00,USDCNY.IB,180D,ATM,3.8016,3.8016,3.8016
2025-07-24,16:00:00,USDCNY.IB,30D,ATM,2.9917,2.9917,2.9917
2025-07-24,16:00:00,USDCNY.IB,360D,ATM,4.075,4.075,4.075
2025-07-24,16:00:00,USDCNY.IB,540D,ATM,4.0,4.25,4.125
2025-07-24,16:00:00,USDCNY.IB,720D,ATM,4.05,4.35,4.2
2025-07-24,16:00:00,USDCNY.IB,7D,ATM,3.1,3.5,3.2448
2025-07-24,16:00:00,USDCNY.IB,90D,ATM,3.4,3.45,3.4489
2025-07-25,16:00:00,USDCNY.IB,180D,ATM,3.55,3.9,3.75
2025-07-25,16:00:00,USDCNY.IB,30D,ATM,2.6,2.9,2.75
2025-07-25,16:00:00,USDCNY.IB,360D,ATM,4.05,4.05,4.05
2025-07-25,16:00:00,USDCNY.IB,540D,ATM,4.0,4.25,4.125
2025-07-25,16:00:00,USDCNY.IB,720D,ATM,4.05,4.35,4.2
2025-07-25,16:00:00,USDCNY.IB,7D,ATM,2.4,3.3,2.85
2025-07-25,16:00:00,USDCNY.IB,90D,ATM,3.375,3.375,3.375
2025-07-28,16:00:00,USDCNY.IB,180D,ATM,3.775,3.775,3.775
2025-07-28,16:00:00,USDCNY.IB,30D,ATM,2.7,2.95,2.8632
2025-07-28,16:00:00,USDCNY.IB,360D,ATM,4.0472,4.0472,4.0472
2025-07-28,16:00:00,USDCNY.IB,540D,ATM,4.0,4.3,4.15
2025-07-28,16:00:00,USDCNY.IB,720D,ATM,4.1,4.4,4.25
2025-07-28,16:00:00,USDCNY.IB,7D,ATM,2.5,2.8,2.65
2025-07-28,16:00:00,USDCNY.IB,90D,ATM,3.4,3.4,3.4
2025-07-29,16:00:00,USDCNY.IB,180D,ATM,3.7731,3.7731,3.7731
2025-07-29,16:00:00,USDCNY.IB,30D,ATM,2.7,3.15,2.9
2025-07-29,16:00:00,USDCNY.IB,360D,ATM,3.9,4.2,4.05
2025-07-29,16:00:00,USDCNY.IB,540D,ATM,4.0,4.3,4.15
2025-07-29,16:00:00,USDCNY.IB,720D,ATM,4.1,4.4,4.25
2025-07-29,16:00:00,USDCNY.IB,7D,ATM,2.4,3.4,2.9
2025-07-29,16:00:00,USDCNY.IB,90D,ATM,3.25,3.6,3.431
2025-07-30,16:00:00,USDCNY.IB,180D,ATM,3.7422,3.7422,3.7422
2025-07-30,16:00:00,USDCNY.IB,30D,ATM,2.7059,2.7059,2.7059
2025-07-30,16:00:00,USDCNY.IB,360D,ATM,4.025,4.025,4.025
2025-07-30,16:00:00,USDCNY.IB,540D,ATM,4.0,4.3,4.15
2025-07-30,16:00:00,USDCNY.IB,720D,ATM,4.1,4.4,4.25
2025-07-30,16:00:00,USDCNY.IB,7D,ATM,1.8,2.95,2.3952
2025-07-30,16:00:00,USDCNY.IB,90D,ATM,3.3,3.375,3.3501
2025-07-31,16:00:00,USDCNY.IB,180D,ATM,3.7219,3.7219,3.7219
2025-07-31,16:00:00,USDCNY.IB,30D,ATM,2.7572,2.7572,2.7572
2025-07-31,16:00:00,USDCNY.IB,360D,ATM,3.8,4.05,4.0233
2025-07-31,16:00:00,USDCNY.IB,540D,ATM,4.0,4.3,4.15
2025-07-31,16:00:00,USDCNY.IB,720D,ATM,4.1,4.4,4.25
2025-07-31,16:00:00,USDCNY.IB,7D,ATM,2.2,2.7,2.45
2025-07-31,16:00:00,USDCNY.IB,90D,ATM,3.325,3.325,3.325
2025-08-01,16:00:00,USDCNY.IB,180D,ATM,3.7043,3.7043,3.7043
2025-08-01,16:00:00,USDCNY.IB,30D,ATM,2.79,2.79,2.79
2025-08-01,16:00:00,USDCNY.IB,360D,ATM,4.0102,4.0102,4.0102
2025-08-01,16:00:00,USDCNY.IB,540D,ATM,4.0,4.3,4.15
2025-08-01,16:00:00,USDCNY.IB,720D,ATM,4.1,4.4,4.25
2025-08-01,16:00:00,USDCNY.IB,7D,ATM,2.6227,2.6227,2.6227
2025-08-01,16:00:00,USDCNY.IB,90D,ATM,3.3635,3.3635,3.3635
2025-08-04,16:00:00,USDCNY.IB,180D,ATM,3.675,3.75,3.6937
2025-08-04,16:00:00,USDCNY.IB,30D,ATM,2.775,2.775,2.775
2025-08-04,16:00:00,USDCNY.IB,360D,ATM,4.0,4.0,4.0
2025-08-04,16:00:00,USDCNY.IB,540D,ATM,4.0,4.3,4.15
2025-08-04,16:00:00,USDCNY.IB,720D,ATM,4.1,4.4,4.25
2025-08-04,16:00:00,USDCNY.IB,7D,ATM,2.6442,2.6442,2.6442
2025-08-04,16:00:00,USDCNY.IB,90D,ATM,3.3,3.4,3.3411
2025-08-05,16:00:00,USDCNY.IB,180D,ATM,3.6778,3.6778,3.6778
2025-08-05,16:00:00,USDCNY.IB,30D,ATM,2.7219,2.7219,2.7219
2025-08-05,16:00:00,USDCNY.IB,360D,ATM,4.0055,4.0055,4.0055
2025-08-05,16:00:00,USDCNY.IB,540D,ATM,4.0,4.3,4.15
2025-08-05,16:00:00,USDCNY.IB,720D,ATM,4.1,4.4,4.25
2025-08-05,16:00:00,USDCNY.IB,7D,ATM,2.5017,2.5017,2.5017
2025-08-05,16:00:00,USDCNY.IB,90D,ATM,3.3075,3.3075,3.3075
2025-08-06,16:00:00,USDCNY.IB,180D,ATM,3.625,3.725,3.6667
2025-08-06,16:00:00,USDCNY.IB,30D,ATM,2.6625,2.6625,2.6625
2025-08-06,16:00:00,USDCNY.IB,360D,ATM,3.9907,3.9907,3.9907
2025-08-06,16:00:00,USDCNY.IB,540D,ATM,4.0,4.3,4.15
2025-08-06,16:00:00,USDCNY.IB,720D,ATM,4.1,4.4,4.25
2025-08-06,16:00:00,USDCNY.IB,7D,ATM,2.475,2.475,2.475
2025-08-06,16:00:00,USDCNY.IB,90D,ATM,3.225,3.325,3.2722
2025-08-07,16:00:00,USDCNY.IB,180D,ATM,3.675,3.675,3.675
2025-08-07,16:00:00,USDCNY.IB,30D,ATM,2.65,2.65,2.65
2025-08-07,16:00:00,USDCNY.IB,360D,ATM,3.96,4.175,3.975
2025-08-07,16:00:00,USDCNY.IB,540D,ATM,4.0,4.3,4.15
2025-08-07,16:00:00,USDCNY.IB,720D,ATM,4.1,4.4,4.25
2025-08-07,16:00:00,USDCNY.IB,7D,ATM,2.4942,2.4942,2.4942
2025-08-07,16:00:00,USDCNY.IB,90D,ATM,3.2,3.25,3.25
2025-08-08,16:00:00,USDCNY.IB,180D,ATM,3.5,3.8,3.65
2025-08-08,16:00:00,USDCNY.IB,30D,ATM,2.6074,2.6074,2.6074
2025-08-08,16:00:00,USDCNY.IB,360D,ATM,3.975,3.975,3.975
2025-08-08,16:00:00,USDCNY.IB,540D,ATM,3.9,4.2,4.05
2025-08-08,16:00:00,USDCNY.IB,720D,ATM,4.05,4.3,4.175
2025-08-08,16:00:00,USDCNY.IB,7D,ATM,2.3,2.65,2.4813
2025-08-08,16:00:00,USDCNY.IB,90D,ATM,3.1,3.4,3.2
2025-08-11,16:00:00,USDCNY.IB,180D,ATM,3.6227,3.6227,3.6227
2025-08-11,16:00:00,USDCNY.IB,30D,ATM,2.5462,2.5462,2.5462
2025-08-11,16:00:00,USDCNY.IB,360D,ATM,3.9,3.975,3.9467
2025-08-11,16:00:00,USDCNY.IB,540D,ATM,3.9,4.2,4.05
2025-08-11,16:00:00,USDCNY.IB,720D,ATM,4.05,4.3,4.175
2025-08-11,16:00:00,USDCNY.IB,7D,ATM,2.2,2.5,2.4004
2025-08-11,16:00:00,USDCNY.IB,90D,ATM,3.125,3.225,3.1693
2025-08-12,16:00:00,USDCNY.IB,180D,ATM,3.55,3.65,3.5854
2025-08-12,16:00:00,USDCNY.IB,30D,ATM,2.5169,2.5169,2.5169
2025-08-12,16:00:00,USDCNY.IB,360D,ATM,3.95,3.975,3.9625
2025-08-12,16:00:00,USDCNY.IB,540D,ATM,3.9,4.2,4.05
2025-08-12,16:00:00,USDCNY.IB,720D,ATM,4.05,4.3,4.175
2025-08-12,16:00:00,USDCNY.IB,7D,ATM,2.25,2.6,2.35
2025-08-12,16:00:00,USDCNY.IB,90D,ATM,3.1,3.2,3.1283
2025-08-13,16:00:00,USDCNY.IB,180D,ATM,3.585,3.675,3.6012
2025-08-13,16:00:00,USDCNY.IB,30D,ATM,2.45,2.55,2.5023
2025-08-13,16:00:00,USDCNY.IB,360D,ATM,3.96,3.975,3.96
2025-08-13,16:00:00,USDCNY.IB,540D,ATM,3.9,4.2,4.05
2025-08-13,16:00:00,USDCNY.IB,720D,ATM,4.05,4.3,4.175
2025-08-13,16:00:00,USDCNY.IB,7D,ATM,2.2,2.5,2.2896
2025-08-13,16:00:00,USDCNY.IB,90D,ATM,3.1,3.15,3.1036
2025-08-14,16:00:00,USDCNY.IB,180D,ATM,3.6003,3.6003,3.6003
2025-08-14,16:00:00,USDCNY.IB,30D,ATM,2.5101,2.5101,2.5101
2025-08-14,16:00:00,USDCNY.IB,360D,ATM,3.9,4.0,3.953
2025-08-14,16:00:00,USDCNY.IB,540D,ATM,3.9,4.2,4.05
2025-08-14,16:00:00,USDCNY.IB,720D,ATM,4.05,4.3,4.175
2025-08-14,16:00:00,USDCNY.IB,7D,ATM,2.25,2.35,2.3458
2025-08-14,16:00:00,USDCNY.IB,90D,ATM,3.1,3.15,3.1304
2025-08-15,16:00:00,USDCNY.IB,180D,ATM,3.6,3.6,3.6
2025-08-15,16:00:00,USDCNY.IB,30D,ATM,2.425,2.525,2.4553
2025-08-15,16:00:00,USDCNY.IB,360D,ATM,3.95,4.0,3.9571
2025-08-15,16:00:00,USDCNY.IB,540D,ATM,3.9,4.2,4.05
2025-08-15,16:00:00,USDCNY.IB,720D,ATM,4.05,4.3,4.175
2025-08-15,16:00:00,USDCNY.IB,7D,ATM,2.05,2.45,2.2
2025-08-15,16:00:00,USDCNY.IB,90D,ATM,3.075,3.175,3.1
2025-08-18,16:00:00,USDCNY.IB,180D,ATM,3.5752,3.5752,3.5752
2025-08-18,16:00:00,USDCNY.IB,30D,ATM,2.375,2.425,2.4178
2025-08-18,16:00:00,USDCNY.IB,360D,ATM,3.925,3.975,3.9492
2025-08-18,16:00:00,USDCNY.IB,540D,ATM,3.9,4.2,4.05
2025-08-18,16:00:00,USDCNY.IB,720D,ATM,4.05,4.3,4.175
2025-08-18,16:00:00,USDCNY.IB,7D,ATM,1.8,2.2,2.0833
2025-08-18,16:00:00,USDCNY.IB,90D,ATM,3.025,3.125,3.0479
2025-08-19,16:00:00,USDCNY.IB,180D,ATM,3.5351,3.5351,3.5351
2025-08-19,16:00:00,USDCNY.IB,30D,ATM,2.325,2.425,2.3975
2025-08-19,16:00:00,USDCNY.IB,360D,ATM,3.925,3.95,3.9336
2025-08-19,16:00:00,USDCNY.IB,540D,ATM,3.9,4.15,4.025
2025-08-19,16:00:00,USDCNY.IB,720D,ATM,4.05,4.25,4.15
2025-08-19,16:00:00,USDCNY.IB,7D,ATM,2.025,2.075,2.0503
2025-08-19,16:00:00,USDCNY.IB,90D,ATM,2.975,3.075,3.0145
2025-08-20,16:00:00,USDCNY.IB,180D,ATM,3.525,3.525,3.525
2025-08-20,16:00:00,USDCNY.IB,30D,ATM,2.275,2.375,2.3513
2025-08-20,16:00:00,USDCNY.IB,360D,ATM,3.875,3.975,3.9289
2025-08-20,16:00:00,USDCNY.IB,540D,ATM,3.9,4.15,4.025
2025-08-20,16:00:00,USDCNY.IB,720D,ATM,4.05,4.25,4.15
2025-08-20,16:00:00,USDCNY.IB,7D,ATM,2.0,2.05,2.0286
2025-08-20,16:00:00,USDCNY.IB,90D,ATM,2.9865,2.9865,2.9865
2025-08-21,16:00:00,USDCNY.IB,180D,ATM,3.525,3.525,3.525
2025-08-21,16:00:00,USDCNY.IB,30D,ATM,2.3,2.35,2.35
2025-08-21,16:00:00,USDCNY.IB,360D,ATM,3.9,3.95,3.9481
2025-08-21,16:00:00,USDCNY.IB,540D,ATM,3.9,4.15,4.025
2025-08-21,16:00:00,USDCNY.IB,720D,ATM,4.05,4.25,4.15
2025-08-21,16:00:00,USDCNY.IB,7D,ATM,2.0,2.1,2.0835
2025-08-21,16:00:00,USDCNY.IB,90D,ATM,2.95,3.05,3.0006
2025-08-22,16:00:00,USDCNY.IB,180D,ATM,3.55,3.55,3.55
2025-08-22,16:00:00,USDCNY.IB,30D,ATM,2.275,2.375,2.325
2025-08-22,16:00:00,USDCNY.IB,360D,ATM,3.925,3.975,3.9483
2025-08-22,16:00:00,USDCNY.IB,540D,ATM,3.9,4.15,4.025
2025-08-22,16:00:00,USDCNY.IB,720D,ATM,4.05,4.25,4.15
2025-08-22,16:00:00,USDCNY.IB,7D,ATM,1.95,2.3,2.05
2025-08-22,16:00:00,USDCNY.IB,90D,ATM,2.95,3.05,3.004
2025-08-25,16:00:00,USDCNY.IB,180D,ATM,3.6,3.6,3.6
2025-08-25,16:00:00,USDCNY.IB,30D,ATM,2.4,2.75,2.5323
2025-08-25,16:00:00,USDCNY.IB,360D,ATM,3.9855,3.9855,3.9855
2025-08-25,16:00:00,USDCNY.IB,540D,ATM,3.9,4.15,4.025
2025-08-25,16:00:00,USDCNY.IB,720D,ATM,4.05,4.25,4.15
2025-08-25,16:00:00,USDCNY.IB,7D,ATM,1.9,2.5,2.27
2025-08-25,16:00:00,USDCNY.IB,90D,ATM,3.1,3.25,3.1156
2025-08-26,16:00:00,USDCNY.IB,180D,ATM,3.45,3.8,3.625
2025-08-26,16:00:00,USDCNY.IB,30D,ATM,2.6085,2.6085,2.6085
2025-08-26,16:00:00,USDCNY.IB,360D,ATM,3.85,4.15,4.0
2025-08-26,16:00:00,USDCNY.IB,540D,ATM,3.9,4.2,4.05
2025-08-26,16:00:00,USDCNY.IB,720D,ATM,4.05,4.35,4.2
2025-08-26,16:00:00,USDCNY.IB,7D,ATM,2.1,2.5,2.5
2025-08-26,16:00:00,USDCNY.IB,90D,ATM,3.025,3.175,3.1098
2025-08-27,16:00:00,USDCNY.IB,180D,ATM,3.45,3.8,3.5966
2025-08-27,16:00:00,USDCNY.IB,30D,ATM,2.5936,2.5936,2.5936
2025-08-27,16:00:00,USDCNY.IB,360D,ATM,3.85,4.15,4.0027
2025-08-27,16:00:00,USDCNY.IB,540D,ATM,3.9,4.2,4.05
2025-08-27,16:00:00,USDCNY.IB,720D,ATM,4.05,4.35,4.2
2025-08-27,16:00:00,USDCNY.IB,7D,ATM,2.2,2.4,2.4
2025-08-27,16:00:00,USDCNY.IB,90D,ATM,3.0,3.35,3.05
2025-08-28,16:00:00,USDCNY.IB,180D,ATM,3.4,3.7,3.6074
2025-08-28,16:00:00,USDCNY.IB,30D,ATM,2.3,2.7,2.5614
2025-08-28,16:00:00,USDCNY.IB,360D,ATM,4.0055,4.0055,4.0055
2025-08-28,16:00:00,USDCNY.IB,540D,ATM,3.9,4.2,4.05
2025-08-28,16:00:00,USDCNY.IB,720D,ATM,4.05,4.35,4.2
2025-08-28,16:00:00,USDCNY.IB,7D,ATM,2.0,2.6,2.42
2025-08-28,16:00:00,USDCNY.IB,90D,ATM,2.85,3.2,3.1167
2025-08-29,16:00:00,USDCNY.IB,180D,ATM,3.55,3.95,3.725
2025-08-29,16:00:00,USDCNY.IB,30D,ATM,2.8624,2.8624,2.8624
2025-08-29,16:00:00,USDCNY.IB,360D,ATM,4.055,4.055,4.055
2025-08-29,16:00:00,USDCNY.IB,540D,ATM,4.0,4.4,4.2
2025-08-29,16:00:00,USDCNY.IB,720D,ATM,4.1,4.5,4.3
2025-08-29,16:00:00,USDCNY.IB,7D,ATM,2.5,3.8,3.15
2025-08-29,16:00:00,USDCNY.IB,90D,ATM,3.241,3.241,3.241
2025-09-01,16:00:00,USDCNY.IB,180D,ATM,3.65,3.65,3.65
2025-09-01,16:00:00,USDCNY.IB,30D,ATM,2.685,2.685,2.685
2025-09-01,16:00:00,USDCNY.IB,360D,ATM,4.0042,4.0042,4.0042
2025-09-01,16:00:00,USDCNY.IB,540D,ATM,4.0,4.4,4.2
2025-09-01,16:00:00,USDCNY.IB,720D,ATM,4.1,4.5,4.3
2025-09-01,16:00:00,USDCNY.IB,7D,ATM,2.5,2.9,2.7
2025-09-01,16:00:00,USDCNY.IB,90D,ATM,3.1,3.25,3.1952
2025-09-02,16:00:00,USDCNY.IB,180D,ATM,3.5,3.75,3.625
2025-09-02,16:00:00,USDCNY.IB,30D,ATM,2.65,2.65,2.65
2025-09-02,16:00:00,USDCNY.IB,360D,ATM,3.85,4.15,4.0
2025-09-02,16:00:00,USDCNY.IB,540D,ATM,4.0,4.4,4.2
2025-09-02,16:00:00,USDCNY.IB,720D,ATM,4.1,4.5,4.3
2025-09-02,16:00:00,USDCNY.IB,7D,ATM,2.2,3.1,2.65
2025-09-02,16:00:00,USDCNY.IB,90D,ATM,3.0,3.35,3.175
2025-09-03,16:00:00,USDCNY.IB,180D,ATM,3.5,3.8,3.65
2025-09-03,16:00:00,USDCNY.IB,30D,ATM,2.5,2.8,2.65
2025-09-03,16:00:00,USDCNY.IB,360D,ATM,3.9,4.15,4.0138
2025-09-03,16:00:00,USDCNY.IB,540D,ATM,4.0,4.4,4.2
2025-09-03,16:00:00,USDCNY.IB,720D,ATM,4.1,4.5,4.3
2025-09-03,16:00:00,USDCNY.IB,7D,ATM,2.4,2.9,2.6
2025-09-03,16:00:00,USDCNY.IB,90D,ATM,3.0,3.3,3.1706
2025-09-04,16:00:00,USDCNY.IB,180D,ATM,3.55,3.65,3.6
2025-09-04,16:00:00,USDCNY.IB,30D,ATM,2.5992,2.5992,2.5992
2025-09-04,16:00:00,USDCNY.IB,360D,ATM,3.95,4.025,4.005
2025-09-04,16:00:00,USDCNY.IB,540D,ATM,4.0,4.4,4.2
2025-09-04,16:00:00,USDCNY.IB,720D,ATM,4.1,4.5,4.3
2025-09-04,16:00:00,USDCNY.IB,7D,ATM,2.5143,2.5143,2.5143
2025-09-04,16:00:00,USDCNY.IB,90D,ATM,3.05,3.2,3.1014
2025-09-05,16:00:00,USDCNY.IB,180D,ATM,3.6082,3.6082,3.6082
2025-09-05,16:00:00,USDCNY.IB,30D,ATM,2.589,2.589,2.589
2025-09-05,16:00:00,USDCNY.IB,360D,ATM,3.975,4.05,4.0021
2025-09-05,16:00:00,USDCNY.IB,540D,ATM,4.0,4.4,4.2
2025-09-05,16:00:00,USDCNY.IB,720D,ATM,4.1,4.5,4.3
2025-09-05,16:00:00,USDCNY.IB,7D,ATM,2.6285,2.6285,2.6285
2025-09-05,16:00:00,USDCNY.IB,90D,ATM,3.0976,3.0976,3.0976
2025-09-08,16:00:00,USDCNY.IB,180D,ATM,3.6,3.6,3.6
2025-09-08,16:00:00,USDCNY.IB,30D,ATM,2.5758,2.5758,2.5758
2025-09-08,16:00:00,USDCNY.IB,360D,ATM,3.85,4.15,4.0
2025-09-08,16:00:00,USDCNY.IB,540D,ATM,4.0,4.4,4.2
2025-09-08,16:00:00,USDCNY.IB,720D,ATM,4.1,4.5,4.3
2025-09-08,16:00:00,USDCNY.IB,7D,ATM,2.5165,2.5165,2.5165
2025-09-08,16:00:00,USDCNY.IB,90D,ATM,3.025,3.125,3.0786
2025-09-09,16:00:00,USDCNY.IB,180D,ATM,3.625,3.625,3.625
2025-09-09,16:00:00,USDCNY.IB,30D,ATM,2.4,2.8,2.6438
2025-09-09,16:00:00,USDCNY.IB,360D,ATM,3.85,4.15,4.0
2025-09-09,16:00:00,USDCNY.IB,540D,ATM,4.0,4.4,4.2
2025-09-09,16:00:00,USDCNY.IB,720D,ATM,4.1,4.5,4.3
2025-09-09,16:00:00,USDCNY.IB,7D,ATM,2.3,2.9,2.6
2025-09-09,16:00:00,USDCNY.IB,90D,ATM,2.9,3.25,3.0692
2025-09-10,16:00:00,USDCNY.IB,180D,ATM,3.6009,3.6009,3.6009
2025-09-10,16:00:00,USDCNY.IB,30D,ATM,2.6417,2.6417,2.6417
2025-09-10,16:00:00,USDCNY.IB,360D,ATM,3.85,4.15,4.0
2025-09-10,16:00:00,USDCNY.IB,540D,ATM,4.0,4.4,4.2
2025-09-10,16:00:00,USDCNY.IB,720D,ATM,4.1,4.5,4.3
2025-09-10,16:00:00,USDCNY.IB,7D,ATM,2.3,2.9,2.55
2025-09-10,16:00:00,USDCNY.IB,90D,ATM,3.075,3.15,3.084
2025-09-11,16:00:00,USDCNY.IB,180D,ATM,3.625,3.625,3.625
2025-09-11,16:00:00,USDCNY.IB,30D,ATM,2.6,2.7,2.645
2025-09-11,16:00:00,USDCNY.IB,360D,ATM,4.0118,4.0118,4.0118
2025-09-11,16:00:00,USDCNY.IB,540D,ATM,4.0,4.4,4.2
2025-09-11,16:00:00,USDCNY.IB,720D,ATM,4.1,4.5,4.3
2025-09-11,16:00:00,USDCNY.IB,7D,ATM,2.5334,2.5334,2.5334
2025-09-11,16:00:00,USDCNY.IB,90D,ATM,3.1,3.1,3.1
2025-09-12,16:00:00,USDCNY.IB,180D,ATM,3.6,3.6,3.6
2025-09-12,16:00:00,USDCNY.IB,30D,ATM,2.6566,2.6566,2.6566
2025-09-12,16:00:00,USDCNY.IB,360D,ATM,3.85,4.15,4.0
2025-09-12,16:00:00,USDCNY.IB,540D,ATM,4.0,4.4,4.2
2025-09-12,16:00:00,USDCNY.IB,720D,ATM,4.1,4.5,4.3
2025-09-12,16:00:00,USDCNY.IB,7D,ATM,2.4,2.65,2.5167
2025-09-12,16:00:00,USDCNY.IB,90D,ATM,2.9,3.2,3.075
2025-09-15,16:00:00,USDCNY.IB,180D,ATM,3.625,3.625,3.625
2025-09-15,16:00:00,USDCNY.IB,30D,ATM,2.575,2.65,2.61
2025-09-15,16:00:00,USDCNY.IB,360D,ATM,3.975,4.025,4.0
2025-09-15,16:00:00,USDCNY.IB,540D,ATM,4.0,4.4,4.2
2025-09-15,16:00:00,USDCNY.IB,720D,ATM,4.1,4.5,4.3
2025-09-15,16:00:00,USDCNY.IB,7D,ATM,2.516,2.516,2.516
2025-09-15,16:00:00,USDCNY.IB,90D,ATM,3.05,3.125,3.0875
2025-09-16,16:00:00,USDCNY.IB,180D,ATM,3.6201,3.6201,3.6201
2025-09-16,16:00:00,USDCNY.IB,30D,ATM,2.6193,2.6193,2.6193
2025-09-16,16:00:00,USDCNY.IB,360D,ATM,4.01,4.04,4.01
2025-09-16,16:00:00,USDCNY.IB,540D,ATM,4.0,4.4,4.2
2025-09-16,16:00:00,USDCNY.IB,720D,ATM,4.1,4.5,4.3
2025-09-16,16:00:00,USDCNY.IB,7D,ATM,2.35,2.65,2.5423
2025-09-16,16:00:00,USDCNY.IB,90D,ATM,3.075,3.15,3.0772
2025-09-17,16:00:00,USDCNY.IB,180D,ATM,3.65,3.65,3.65
2025-09-17,16:00:00,USDCNY.IB,30D,ATM,2.675,2.85,2.7625
2025-09-17,16:00:00,USDCNY.IB,360D,ATM,3.8,4.2,4.0292
2025-09-17,16:00:00,USDCNY.IB,540D,ATM,4.0,4.4,4.2
2025-09-17,16:00:00,USDCNY.IB,720D,ATM,4.1,4.5,4.3
2025-09-17,16:00:00,USDCNY.IB,7D,ATM,2.7,3.2,2.8452
2025-09-17,16:00:00,USDCNY.IB,90D,ATM,3.125,3.175,3.1383
2025-09-18,16:00:00,USDCNY.IB,180D,ATM,3.6063,3.6063,3.6063
2025-09-18,16:00:00,USDCNY.IB,30D,ATM,2.6037,2.6037,2.6037
2025-09-18,16:00:00,USDCNY.IB,360D,ATM,3.9,4.15,4.0
2025-09-18,16:00:00,USDCNY.IB,540D,ATM,4.0,4.4,4.2
2025-09-18,16:00:00,USDCNY.IB,720D,ATM,4.1,4.5,4.3
2025-09-18,16:00:00,USDCNY.IB,7D,ATM,2.375,2.375,2.375
2025-09-18,16:00:00,USDCNY.IB,90D,ATM,3.075,3.125,3.0958
2025-09-19,16:00:00,USDCNY.IB,180D,ATM,3.6,3.6,3.6
2025-09-19,16:00:00,USDCNY.IB,30D,ATM,2.6,2.6,2.6
2025-09-19,16:00:00,USDCNY.IB,360D,ATM,3.85,4.15,4.0
2025-09-19,16:00:00,USDCNY.IB,540D,ATM,4.0,4.4,4.2
2025-09-19,16:00:00,USDCNY.IB,720D,ATM,4.1,4.5,4.3
2025-09-19,16:00:00,USDCNY.IB,7D,ATM,2.15,2.5,2.3
2025-09-19,16:00:00,USDCNY.IB,90D,ATM,2.95,3.25,3.1002
2025-09-22,16:00:00,USDCNY.IB,180D,ATM,3.575,3.575,3.575
2025-09-22,16:00:00,USDCNY.IB,30D,ATM,2.5473,2.5473,2.5473
2025-09-22,16:00:00,USDCNY.IB,360D,ATM,3.975,3.975,3.975
2025-09-22,16:00:00,USDCNY.IB,540D,ATM,4.0,4.4,4.2
2025-09-22,16:00:00,USDCNY.IB,720D,ATM,4.1,4.5,4.3
2025-09-22,16:00:00,USDCNY.IB,7D,ATM,1.9,2.25,2.1692
2025-09-22,16:00:00,USDCNY.IB,90D,ATM,3.0625,3.0625,3.0625
2025-09-23,16:00:00,USDCNY.IB,180D,ATM,3.5543,3.5543,3.5543
2025-09-23,16:00:00,USDCNY.IB,30D,ATM,2.4,2.525,2.4859
2025-09-23,16:00:00,USDCNY.IB,360D,ATM,3.925,3.975,3.9589
2025-09-23,16:00:00,USDCNY.IB,540D,ATM,3.95,4.2,4.075
2025-09-23,16:00:00,USDCNY.IB,720D,ATM,4.05,4.3,4.175
2025-09-23,16:00:00,USDCNY.IB,7D,ATM,1.7,2.1,2.0265
2025-09-23,16:00:00,USDCNY.IB,90D,ATM,2.9,3.15,3.025
2025-09-24,16:00:00,USDCNY.IB,180D,ATM,3.5,3.5,3.5
2025-09-24,16:00:00,USDCNY.IB,30D,ATM,2.35,2.4,2.3856
2025-09-24,16:00:00,USDCNY.IB,360D,ATM,3.875,3.925,3.9048
2025-09-24,16:00:00,USDCNY.IB,540D,ATM,3.95,4.2,4.075
2025-09-24,16:00:00,USDCNY.IB,720D,ATM,4.05,4.3,4.175
2025-09-24,16:00:00,USDCNY.IB,7D,ATM,1.8,2.2,1.975
2025-09-24,16:00:00,USDCNY.IB,90D,ATM,2.971,2.971,2.971
2025-09-25,16:00:00,USDCNY.IB,180D,ATM,3.375,3.375,3.375
2025-09-25,16:00:00,USDCNY.IB,30D,ATM,2.2,2.4,2.3
2025-09-25,16:00:00,USDCNY.IB,360D,ATM,3.75,4.05,3.8221
2025-09-25,16:00:00,USDCNY.IB,540D,ATM,3.95,4.15,4.05
2025-09-25,16:00:00,USDCNY.IB,720D,ATM,4.05,4.3,4.175
2025-09-25,16:00:00,USDCNY.IB,7D,ATM,1.95,2.15,2.025
2025-09-25,16:00:00,USDCNY.IB,90D,ATM,2.85,3.1,2.9457
2025-09-26,16:00:00,USDCNY.IB,180D,ATM,3.325,3.325,3.325
2025-09-26,16:00:00,USDCNY.IB,30D,ATM,2.1,2.275,2.25
2025-09-26,16:00:00,USDCNY.IB,360D,ATM,3.65,3.725,3.7047
2025-09-26,16:00:00,USDCNY.IB,540D,ATM,3.95,4.1,4.025
2025-09-26,16:00:00,USDCNY.IB,720D,ATM,4.05,4.2,4.125
2025-09-26,16:00:00,USDCNY.IB,7D,ATM,1.0,1.8,1.5
2025-09-26,16:00:00,USDCNY.IB,90D,ATM,2.75,2.85,2.85
2025-09-29,16:00:00,USDCNY.IB,180D,ATM,3.15,3.5,3.325
2025-09-29,16:00:00,USDCNY.IB,30D,ATM,2.3,2.3,2.3
2025-09-29,16:00:00,USDCNY.IB,360D,ATM,3.7625,3.7625,3.7625
2025-09-29,16:00:00,USDCNY.IB,540D,ATM,3.75,4.1,3.925
2025-09-29,16:00:00,USDCNY.IB,720D,ATM,3.9,4.2,4.05
2025-09-29,16:00:00,USDCNY.IB,7D,ATM,2.215,2.215,2.215
2025-09-29,16:00:00,USDCNY.IB,90D,ATM,2.7,2.9,2.8
2025-09-30,16:00:00,USDCNY.IB,180D,ATM,3.275,3.325,3.3
2025-09-30,16:00:00,USDCNY.IB,30D,ATM,2.2,2.4,2.3
2025-09-30,16:00:00,USDCNY.IB,360D,ATM,3.675,3.775,3.75
2025-09-30,16:00:00,USDCNY.IB,540D,ATM,3.65,4.05,3.85
2025-09-30,16:00:00,USDCNY.IB,720D,ATM,3.9,4.15,4.025
2025-09-30,16:00:00,USDCNY.IB,7D,ATM,2.2,2.3,2.25
2025-09-30,16:00:00,USDCNY.IB,90D,ATM,2.65,3.0,2.7827
2025-11-04,16:00:00,USDCNY.IB,180D,ATM,3.161,3.161,3.161
2025-11-04,16:00:00,USDCNY.IB,30D,ATM,1.95,2.15,2.1031
2025-11-04,16:00:00,USDCNY.IB,360D,ATM,3.575,3.65,3.6241
2025-11-04,16:00:00,USDCNY.IB,540D,ATM,3.55,3.85,3.7
2025-11-04,16:00:00,USDCNY.IB,720D,ATM,3.6,4.0,3.8
2025-11-04,16:00:00,USDCNY.IB,7D,ATM,1.9,1.9,1.9
2025-11-04,16:00:00,USDCNY.IB,90D,ATM,2.6456,2.6456,2.6456
2025-11-05,16:00:00,USDCNY.IB,180D,ATM,3.15,3.15,3.15
2025-11-05,16:00:00,USDCNY.IB,30D,ATM,2.0625,2.0625,2.0625
2025-11-05,16:00:00,USDCNY.IB,360D,ATM,3.55,3.6,3.6
2025-11-05,16:00:00,USDCNY.IB,540D,ATM,3.55,3.85,3.7
2025-11-05,16:00:00,USDCNY.IB,720D,ATM,3.6,4.0,3.8
2025-11-05,16:00:00,USDCNY.IB,7D,ATM,1.875,1.875,1.875
2025-11-05,16:00:00,USDCNY.IB,90D,ATM,2.5,2.8,2.6398
2025-11-06,16:00:00,USDCNY.IB,180D,ATM,3.1277,3.1277,3.1277
2025-11-06,16:00:00,USDCNY.IB,30D,ATM,1.9,2.15,2.0169
2025-11-06,16:00:00,USDCNY.IB,360D,ATM,3.5579,3.5579,3.5579
2025-11-06,16:00:00,USDCNY.IB,540D,ATM,3.5,3.8,3.65
2025-11-06,16:00:00,USDCNY.IB,720D,ATM,3.6,3.9,3.75
2025-11-06,16:00:00,USDCNY.IB,7D,ATM,1.825,1.825,1.825
2025-11-06,16:00:00,USDCNY.IB,90D,ATM,2.45,2.75,2.6021
2025-11-07,16:00:00,USDCNY.IB,180D,ATM,3.0,3.0,3.0
2025-11-07,16:00:00,USDCNY.IB,30D,ATM,1.875,1.875,1.875
2025-11-07,16:00:00,USDCNY.IB,360D,ATM,3.425,3.5,3.4942
2025-11-07,16:00:00,USDCNY.IB,540D,ATM,3.4,3.7,3.55
2025-11-07,16:00:00,USDCNY.IB,720D,ATM,3.5,3.85,3.675
2025-11-07,16:00:00,USDCNY.IB,7D,ATM,1.7125,1.7125,1.7125
2025-11-07,16:00:00,USDCNY.IB,90D,ATM,2.475,2.475,2.475
2025-11-10,16:00:00,USDCNY.IB,180D,ATM,2.909,2.909,2.909
2025-11-10,16:00:00,USDCNY.IB,30D,ATM,1.65,2.05,1.85
2025-11-10,16:00:00,USDCNY.IB,360D,ATM,3.35,3.45,3.4159
2025-11-10,16:00:00,USDCNY.IB,540D,ATM,3.4,3.7,3.55
2025-11-10,16:00:00,USDCNY.IB,720D,ATM,3.5,3.85,3.8
2025-11-10,16:00:00,USDCNY.IB,7D,ATM,1.5,1.5,1.5
2025-11-10,16:00:00,USDCNY.IB,90D,ATM,2.3,2.45,2.4
2025-11-11,16:00:00,USDCNY.IB,180D,ATM,2.8,2.8,2.8
2025-11-11,16:00:00,USDCNY.IB,30D,ATM,1.5,1.8,1.7923
2025-11-11,16:00:00,USDCNY.IB,360D,ATM,3.25,3.325,3.3191
2025-11-11,16:00:00,USDCNY.IB,540D,ATM,3.4,3.7,3.55
2025-11-11,16:00:00,USDCNY.IB,720D,ATM,3.5,3.85,3.675
2025-11-11,16:00:00,USDCNY.IB,7D,ATM,1.4,1.4,1.4
2025-11-11,16:00:00,USDCNY.IB,90D,ATM,2.25,2.6,2.3066
2025-11-12,16:00:00,USDCNY.IB,180D,ATM,2.775,2.8,2.7814
2025-11-12,16:00:00,USDCNY.IB,30D,ATM,1.55,1.95,1.6899
2025-11-12,16:00:00,USDCNY.IB,360D,ATM,3.3,3.325,3.3
2025-11-12,16:00:00,USDCNY.IB,540D,ATM,3.2,3.6,3.4
2025-11-12,16:00:00,USDCNY.IB,720D,ATM,3.3,3.9,3.7
2025-11-12,16:00:00,USDCNY.IB,7D,ATM,1.325,1.325,1.325
2025-11-12,16:00:00,USDCNY.IB,90D,ATM,2.1,2.45,2.2605
2025-11-13,16:00:00,USDCNY.IB,180D,ATM,3.05,3.05,3.05
2025-11-13,16:00:00,USDCNY.IB,30D,ATM,1.775,1.775,1.775
2025-11-13,16:00:00,USDCNY.IB,360D,ATM,3.4,3.7,3.4931
2025-11-13,16:00:00,USDCNY.IB,540D,ATM,3.2,3.6,3.4
2025-11-13,16:00:00,USDCNY.IB,720D,ATM,3.3,3.9,3.6
2025-11-13,16:00:00,USDCNY.IB,7D,ATM,1.55,1.55,1.55
2025-11-13,16:00:00,USDCNY.IB,90D,ATM,2.15,2.45,2.343
2025-11-14,16:00:00,USDCNY.IB,180D,ATM,3.1228,3.1228,3.1228
2025-11-14,16:00:00,USDCNY.IB,30D,ATM,1.9,2.7,2.2911
2025-11-14,16:00:00,USDCNY.IB,360D,ATM,3.35,3.7,3.55
2025-11-14,16:00:00,USDCNY.IB,540D,ATM,3.4,3.8,3.6
2025-11-14,16:00:00,USDCNY.IB,720D,ATM,3.5,4.0,3.75
2025-11-14,16:00:00,USDCNY.IB,7D,ATM,1.8,2.6,2.2
2025-11-14,16:00:00,USDCNY.IB,90D,ATM,2.4,2.95,2.6923
2025-11-17,16:00:00,USDCNY.IB,180D,ATM,2.9,3.35,3.0733
2025-11-17,16:00:00,USDCNY.IB,30D,ATM,2.0886,2.0886,2.0886
2025-11-17,16:00:00,USDCNY.IB,360D,ATM,3.425,3.55,3.4875
2025-11-17,16:00:00,USDCNY.IB,540D,ATM,3.4,3.8,3.6
2025-11-17,16:00:00,USDCNY.IB,720D,ATM,3.5,4.0,3.75
2025-11-17,16:00:00,USDCNY.IB,7D,ATM,1.6,2.2,1.9
2025-11-17,16:00:00,USDCNY.IB,90D,ATM,2.4,2.95,2.6363
2025-11-18,16:00:00,USDCNY.IB,180D,ATM,3.0,3.0,3.0
2025-11-18,16:00:00,USDCNY.IB,30D,ATM,2.0,2.0,2.0
2025-11-18,16:00:00,USDCNY.IB,360D,ATM,3.4,3.475,3.429
2025-11-18,16:00:00,USDCNY.IB,540D,ATM,3.4,3.8,3.6
2025-11-18,16:00:00,USDCNY.IB,720D,ATM,3.5,4.0,3.75
2025-11-18,16:00:00,USDCNY.IB,7D,ATM,1.9,1.9,1.9
2025-11-18,16:00:00,USDCNY.IB,90D,ATM,2.5844,2.5844,2.5844
2025-11-19,16:00:00,USDCNY.IB,180D,ATM,2.9625,2.9625,2.9625
2025-11-19,16:00:00,USDCNY.IB,30D,ATM,1.9565,1.9565,1.9565
2025-11-19,16:00:00,USDCNY.IB,360D,ATM,3.3,3.425,3.3625
2025-11-19,16:00:00,USDCNY.IB,540D,ATM,3.4,3.75,3.575
2025-11-19,16:00:00,USDCNY.IB,720D,ATM,3.5,4.0,3.75
2025-11-19,16:00:00,USDCNY.IB,7D,ATM,1.85,1.85,1.85
2025-11-19,16:00:00,USDCNY.IB,90D,ATM,2.5,2.5,2.5
2025-11-20,16:00:00,USDCNY.IB,180D,ATM,2.95,2.95,2.95
2025-11-20,16:00:00,USDCNY.IB,30D,ATM,1.974,1.974,1.974
2025-11-20,16:00:00,USDCNY.IB,360D,ATM,3.25,3.55,3.4
2025-11-20,16:00:00,USDCNY.IB,540D,ATM,3.4,3.75,3.575
2025-11-20,16:00:00,USDCNY.IB,720D,ATM,3.5,4.0,3.75
2025-11-20,16:00:00,USDCNY.IB,7D,ATM,1.785,1.785,1.785
2025-11-20,16:00:00,USDCNY.IB,90D,ATM,2.3,2.65,2.475
2025-11-21,16:00:00,USDCNY.IB,180D,ATM,2.75,3.1,2.925
2025-11-21,16:00:00,USDCNY.IB,30D,ATM,1.75,2.15,1.853
2025-11-21,16:00:00,USDCNY.IB,360D,ATM,3.2,3.5,3.375
2025-11-21,16:00:00,USDCNY.IB,540D,ATM,3.3,3.7,3.5
2025-11-21,16:00:00,USDCNY.IB,720D,ATM,3.45,4.0,3.725
2025-11-21,16:00:00,USDCNY.IB,7D,ATM,1.45,1.45,1.45
2025-11-21,16:00:00,USDCNY.IB,90D,ATM,2.25,2.6,2.4068
2025-11-24,16:00:00,USDCNY.IB,180D,ATM,2.8,2.9,2.855
2025-11-24,16:00:00,USDCNY.IB,30D,ATM,1.875,1.875,1.875
2025-11-24,16:00:00,USDCNY.IB,360D,ATM,3.325,3.375,3.35
2025-11-24,16:00:00,USDCNY.IB,540D,ATM,3.3,3.7,3.5
2025-11-24,16:00:00,USDCNY.IB,720D,ATM,3.45,4.0,3.725
2025-11-24,16:00:00,USDCNY.IB,7D,ATM,1.6,1.6,1.6
2025-11-24,16:00:00,USDCNY.IB,90D,ATM,2.3,2.45,2.3564
2025-11-25,16:00:00,USDCNY.IB,180D,ATM,2.965,2.965,2.965
2025-11-25,16:00:00,USDCNY.IB,30D,ATM,1.9817,1.9817,1.9817
2025-11-25,16:00:00,USDCNY.IB,360D,ATM,3.35,3.45,3.3907
2025-11-25,16:00:00,USDCNY.IB,540D,ATM,3.4,3.8,3.6
2025-11-25,16:00:00,USDCNY.IB,720D,ATM,3.5,4.0,3.75
2025-11-25,16:00:00,USDCNY.IB,7D,ATM,1.945,1.945,1.945
2025-11-25,16:00:00,USDCNY.IB,90D,ATM,2.375,2.6,2.4991
2025-11-26,16:00:00,USDCNY.IB,180D,ATM,3.0,3.0,3.0
2025-11-26,16:00:00,USDCNY.IB,30D,ATM,1.95,2.6,2.1285
2025-11-26,16:00:00,USDCNY.IB,360D,ATM,3.45,3.45,3.45
2025-11-26,16:00:00,USDCNY.IB,540D,ATM,3.4,3.8,3.6
2025-11-26,16:00:00,USDCNY.IB,720D,ATM,3.5,4.0,3.75
2025-11-26,16:00:00,USDCNY.IB,7D,ATM,1.9616,1.9616,1.9616
2025-11-26,16:00:00,USDCNY.IB,90D,ATM,2.4,2.9,2.5514
2025-11-27,16:00:00,USDCNY.IB,180D,ATM,3.0375,3.0375,3.0375
2025-11-27,16:00:00,USDCNY.IB,30D,ATM,2.15,2.4,2.1853
2025-11-27,16:00:00,USDCNY.IB,360D,ATM,3.4,3.45,3.45
2025-11-27,16:00:00,USDCNY.IB,540D,ATM,3.4,3.8,3.6
2025-11-27,16:00:00,USDCNY.IB,720D,ATM,3.5,4.0,3.75
2025-11-27,16:00:00,USDCNY.IB,7D,ATM,2.0583,2.0583,2.0583
2025-11-27,16:00:00,USDCNY.IB,90D,ATM,2.45,2.9,2.5881
2025-11-28,16:00:00,USDCNY.IB,180D,ATM,2.925,3.025,2.9625
2025-11-28,16:00:00,USDCNY.IB,30D,ATM,2.094,2.094,2.094
2025-11-28,16:00:00,USDCNY.IB,360D,ATM,3.25,3.6,3.425
2025-11-28,16:00:00,USDCNY.IB,540D,ATM,3.4,3.8,3.6
2025-11-28,16:00:00,USDCNY.IB,720D,ATM,3.5,4.0,3.75
2025-11-28,16:00:00,USDCNY.IB,7D,ATM,2.0,2.0,2.0
2025-11-28,16:00:00,USDCNY.IB,90D,ATM,2.45,2.575,2.5
2025-12-01,16:00:00,USDCNY.IB,180D,ATM,2.9706,2.9706,2.9706
2025-12-01,16:00:00,USDCNY.IB,30D,ATM,2.0185,2.0185,2.0185
2025-12-01,16:00:00,USDCNY.IB,360D,ATM,3.3,3.6,3.422
2025-12-01,16:00:00,USDCNY.IB,540D,ATM,3.4,3.8,3.6
2025-12-01,16:00:00,USDCNY.IB,720D,ATM,3.5,4.0,3.75
2025-12-01,16:00:00,USDCNY.IB,7D,ATM,1.7,2.3,1.8722
2025-12-01,16:00:00,USDCNY.IB,90D,ATM,2.35,2.7,2.4967
2025-12-02,16:00:00,USDCNY.IB,180D,ATM,2.8,3.1,2.95
2025-12-02,16:00:00,USDCNY.IB,30D,ATM,1.9116,1.9116,1.9116
2025-12-02,16:00:00,USDCNY.IB,360D,ATM,3.3,3.6,3.4241
2025-12-02,16:00:00,USDCNY.IB,540D,ATM,3.4,3.8,3.6
2025-12-02,16:00:00,USDCNY.IB,720D,ATM,3.5,4.0,3.75
2025-12-02,16:00:00,USDCNY.IB,7D,ATM,1.6674,1.6674,1.6674
2025-12-02,16:00:00,USDCNY.IB,90D,ATM,2.3,2.6,2.45
2025-12-03,16:00:00,USDCNY.IB,180D,ATM,2.9339,2.9339,2.9339
2025-12-03,16:00:00,USDCNY.IB,30D,ATM,2.0035,2.0035,2.0035
2025-12-03,16:00:00,USDCNY.IB,360D,ATM,3.4084,3.4084,3.4084
2025-12-03,16:00:00,USDCNY.IB,540D,ATM,3.4,3.8,3.6
2025-12-03,16:00:00,USDCNY.IB,720D,ATM,3.5,4.0,3.75
2025-12-03,16:00:00,USDCNY.IB,7D,ATM,1.5,2.0,1.7152
2025-12-03,16:00:00,USDCNY.IB,90D,ATM,2.4183,2.4183,2.4183
2025-12-04,16:00:00,USDCNY.IB,180D,ATM,2.9299,2.9299,2.9299
2025-12-04,16:00:00,USDCNY.IB,30D,ATM,2.025,2.025,2.025
2025-12-04,16:00:00,USDCNY.IB,360D,ATM,3.4008,3.4008,3.4008
2025-12-04,16:00:00,USDCNY.IB,540D,ATM,3.4,3.8,3.6
2025-12-04,16:00:00,USDCNY.IB,720D,ATM,3.5,4.0,3.75
2025-12-04,16:00:00,USDCNY.IB,7D,ATM,1.7,2.2,1.9167
2025-12-04,16:00:00,USDCNY.IB,90D,ATM,2.475,2.475,2.475
2025-12-05,16:00:00,USDCNY.IB,180D,ATM,2.9045,2.9045,2.9045
2025-12-05,16:00:00,USDCNY.IB,30D,ATM,2.0,2.0,2.0
2025-12-05,16:00:00,USDCNY.IB,360D,ATM,3.403,3.403,3.403
2025-12-05,16:00:00,USDCNY.IB,540D,ATM,3.4,3.8,3.6
2025-12-05,16:00:00,USDCNY.IB,720D,ATM,3.5,4.0,3.75
2025-12-05,16:00:00,USDCNY.IB,7D,ATM,1.895,1.895,1.895
2025-12-05,16:00:00,USDCNY.IB,90D,ATM,2.4443,2.4443,2.4443
2025-12-08,16:00:00,USDCNY.IB,180D,ATM,2.915,2.915,2.915
2025-12-08,16:00:00,USDCNY.IB,30D,ATM,1.8,2.15,1.975
2025-12-08,16:00:00,USDCNY.IB,360D,ATM,3.4038,3.4038,3.4038
2025-12-08,16:00:00,USDCNY.IB,540D,ATM,3.4,3.8,3.6
2025-12-08,16:00:00,USDCNY.IB,720D,ATM,3.5,4.0,3.75
2025-12-08,16:00:00,USDCNY.IB,7D,ATM,1.825,1.825,1.825
2025-12-08,16:00:00,USDCNY.IB,90D,ATM,2.3,2.6,2.4555
2025-12-09,16:00:00,USDCNY.IB,180D,ATM,2.8,3.05,2.9233
2025-12-09,16:00:00,USDCNY.IB,30D,ATM,1.8,2.15,1.975
2025-12-09,16:00:00,USDCNY.IB,360D,ATM,3.416,3.416,3.416
2025-12-09,16:00:00,USDCNY.IB,540D,ATM,3.4,3.8,3.6
2025-12-09,16:00:00,USDCNY.IB,720D,ATM,3.5,4.0,3.75
2025-12-09,16:00:00,USDCNY.IB,7D,ATM,1.7267,1.7267,1.7267
2025-12-09,16:00:00,USDCNY.IB,90D,ATM,2.35,2.6,2.44
2025-12-10,16:00:00,USDCNY.IB,180D,ATM,2.8,3.15,2.9552
2025-12-10,16:00:00,USDCNY.IB,30D,ATM,1.975,1.975,1.975
2025-12-10,16:00:00,USDCNY.IB,360D,ATM,3.3,3.6,3.43
2025-12-10,16:00:00,USDCNY.IB,540D,ATM,3.4,3.8,3.6
2025-12-10,16:00:00,USDCNY.IB,720D,ATM,3.5,4.0,3.75
2025-12-10,16:00:00,USDCNY.IB,7D,ATM,1.9036,1.9036,1.9036
2025-12-10,16:00:00,USDCNY.IB,90D,ATM,2.3,2.65,2.4875
2025-12-11,16:00:00,USDCNY.IB,180D,ATM,2.8833,2.8833,2.8833
2025-12-11,16:00:00,USDCNY.IB,30D,ATM,1.8297,1.8297,1.8297
2025-12-11,16:00:00,USDCNY.IB,360D,ATM,3.4,3.4,3.4
2025-12-11,16:00:00,USDCNY.IB,540D,ATM,3.4,3.8,3.6
2025-12-11,16:00:00,USDCNY.IB,720D,ATM,3.5,4.0,3.75
2025-12-11,16:00:00,USDCNY.IB,7D,ATM,1.7251,1.7251,1.7251
2025-12-11,16:00:00,USDCNY.IB,90D,ATM,2.4,2.4,2.4
2025-12-12,16:00:00,USDCNY.IB,180D,ATM,2.8,3.15,2.875
2025-12-12,16:00:00,USDCNY.IB,30D,ATM,1.85,2.2,2.025
2025-12-12,16:00:00,USDCNY.IB,360D,ATM,3.3,3.6,3.375
2025-12-12,16:00:00,USDCNY.IB,540D,ATM,3.4,3.8,3.6
2025-12-12,16:00:00,USDCNY.IB,720D,ATM,3.5,4.0,3.75
2025-12-12,16:00:00,USDCNY.IB,7D,ATM,1.7,1.7,1.7
2025-12-12,16:00:00,USDCNY.IB,90D,ATM,2.3,2.65,2.475
2025-12-15,16:00:00,USDCNY.IB,180D,ATM,2.8424,2.8424,2.8424
2025-12-15,16:00:00,USDCNY.IB,30D,ATM,1.6,2.1,1.8136
2025-12-15,16:00:00,USDCNY.IB,360D,ATM,3.2,3.5,3.35
2025-12-15,16:00:00,USDCNY.IB,540D,ATM,3.3,3.7,3.5
2025-12-15,16:00:00,USDCNY.IB,720D,ATM,3.45,3.9,3.675
2025-12-15,16:00:00,USDCNY.IB,7D,ATM,1.5,1.95,1.6778
2025-12-15,16:00:00,USDCNY.IB,90D,ATM,2.3639,2.3639,2.3639
2025-12-16,16:00:00,USDCNY.IB,180D,ATM,2.8571,2.8571,2.8571
2025-12-16,16:00:00,USDCNY.IB,30D,ATM,1.7,1.9,1.85
2025-12-16,16:00:00,USDCNY.IB,360D,ATM,3.3755,3.3755,3.3755
2025-12-16,16:00:00,USDCNY.IB,540D,ATM,3.3,3.7,3.5
2025-12-16,16:00:00,USDCNY.IB,720D,ATM,3.45,3.9,3.675
2025-12-16,16:00:00,USDCNY.IB,7D,ATM,1.65,1.95,1.8362
2025-12-16,16:00:00,USDCNY.IB,90D,ATM,2.325,2.425,2.375
2025-12-17,16:00:00,USDCNY.IB,180D,ATM,2.8375,2.8375,2.8375
2025-12-17,16:00:00,USDCNY.IB,30D,ATM,1.5,2.0,1.75
2025-12-17,16:00:00,USDCNY.IB,360D,ATM,3.3625,3.3625,3.3625
2025-12-17,16:00:00,USDCNY.IB,540D,ATM,3.3,3.7,3.5
2025-12-17,16:00:00,USDCNY.IB,720D,ATM,3.45,3.9,3.675
2025-12-17,16:00:00,USDCNY.IB,7D,ATM,1.45,2.0,1.725
2025-12-17,16:00:00,USDCNY.IB,90D,ATM,2.15,2.5,2.3225
2025-12-18,16:00:00,USDCNY.IB,180D,ATM,2.9063,2.9063,2.9063
2025-12-18,16:00:00,USDCNY.IB,30D,ATM,2.0,2.0,2.0
2025-12-18,16:00:00,USDCNY.IB,360D,ATM,3.4308,3.4308,3.4308
2025-12-18,16:00:00,USDCNY.IB,540D,ATM,3.3,3.7,3.5
2025-12-18,16:00:00,USDCNY.IB,720D,ATM,3.45,3.9,3.675
2025-12-18,16:00:00,USDCNY.IB,7D,ATM,1.8,1.8,1.8
2025-12-18,16:00:00,USDCNY.IB,90D,ATM,2.3854,2.3854,2.3854
2025-12-19,16:00:00,USDCNY.IB,180D,ATM,2.925,2.925,2.925
2025-12-19,16:00:00,USDCNY.IB,30D,ATM,1.5,2.0,1.75
2025-12-19,16:00:00,USDCNY.IB,360D,ATM,3.2,3.5,3.35
2025-12-19,16:00:00,USDCNY.IB,540D,ATM,3.3,3.7,3.5
2025-12-19,16:00:00,USDCNY.IB,720D,ATM,3.45,3.9,3.675
2025-12-19,16:00:00,USDCNY.IB,7D,ATM,1.45,2.0,1.725
2025-12-19,16:00:00,USDCNY.IB,90D,ATM,2.4,2.4,2.4
