date,series,value,method,field
2020-01-02,USDCNY.IB:close,6.9631,wsd,close
2020-01-03,USDCNY.IB:close,6.9716,wsd,close
2020-01-06,USDCNY.IB:close,6.9745,wsd,close
2020-01-07,USDCNY.IB:close,6.9376,wsd,close
2020-01-08,USDCNY.IB:close,6.942,wsd,close
2020-01-09,USDCNY.IB:close,6.9311,wsd,close
2020-01-10,USDCNY.IB:close,6.929,wsd,close
2020-01-13,USDCNY.IB:close,6.8942,wsd,close
2020-01-14,USDCNY.IB:close,6.8854,wsd,close
2020-01-15,USDCNY.IB:close,6.8871,wsd,close
2020-01-16,USDCNY.IB:close,6.885,wsd,close
2020-01-17,USDCNY.IB:close,6.8585,wsd,close
2020-01-20,USDCNY.IB:close,6.8613,wsd,close
2020-01-21,USDCNY.IB:close,6.9065,wsd,close
2020-01-22,USDCNY.IB:close,6.9012,wsd,close
2020-01-23,USDCNY.IB:close,6.93,wsd,close
2020-02-03,USDCNY.IB:close,7.0257,wsd,close
2020-02-04,USDCNY.IB:close,6.99,wsd,close
2020-02-05,USDCNY.IB:close,6.9997,wsd,close
2020-02-06,USDCNY.IB:close,6.9696,wsd,close
2020-02-07,USDCNY.IB:close,6.986,wsd,close
2020-02-10,USDCNY.IB:close,6.9853,wsd,close
2020-02-11,USDCNY.IB:close,6.9775,wsd,close
2020-02-12,USDCNY.IB:close,6.973,wsd,close
2020-02-13,USDCNY.IB:close,6.9805,wsd,close
2020-02-14,USDCNY.IB:close,6.9795,wsd,close
2020-02-17,USDCNY.IB:close,6.9807,wsd,close
2020-02-18,USDCNY.IB:close,7.0052,wsd,close
2020-02-19,USDCNY.IB:close,6.9941,wsd,close
2020-02-20,USDCNY.IB:close,7.0153,wsd,close
2020-02-21,USDCNY.IB:close,7.0386,wsd,close
2020-02-24,USDCNY.IB:close,7.0315,wsd,close
2020-02-25,USDCNY.IB:close,7.0162,wsd,close
2020-02-26,USDCNY.IB:close,7.017,wsd,close
2020-02-27,USDCNY.IB:close,7.0161,wsd,close
2020-02-28,USDCNY.IB:close,6.9896,wsd,close
2020-03-02,USDCNY.IB:close,6.9578,wsd,close
2020-03-03,USDCNY.IB:close,6.9808,wsd,close
2020-03-04,USDCNY.IB:close,6.9331,wsd,close
2020-03-05,USDCNY.IB:close,6.9425,wsd,close
2020-03-06,USDCNY.IB:close,6.94,wsd,close
2020-03-09,USDCNY.IB:close,6.9499,wsd,close
2020-03-10,USDCNY.IB:close,6.9469,wsd,close
2020-03-11,USDCNY.IB:close,6.9499,wsd,close
2020-03-12,USDCNY.IB:close,6.984,wsd,close
2020-03-13,USDCNY.IB:close,6.9926,wsd,close
2020-03-16,USDCNY.IB:close,6.9974,wsd,close
2020-03-17,USDCNY.IB:close,7.0096,wsd,close
2020-03-18,USDCNY.IB:close,7.026,wsd,close
2020-03-19,USDCNY.IB:close,7.091,wsd,close
2020-03-20,USDCNY.IB:close,7.0661,wsd,close
2020-03-23,USDCNY.IB:close,7.1187,wsd,close
2020-03-24,USDCNY.IB:close,7.0769,wsd,close
2020-03-25,USDCNY.IB:close,7.1009,wsd,close
2020-03-26,USDCNY.IB:close,7.096,wsd,close
2020-03-27,USDCNY.IB:close,7.0928,wsd,close
2020-03-30,USDCNY.IB:close,7.097,wsd,close
2020-03-31,USDCNY.IB:close,7.0931,wsd,close
2020-04-01,USDCNY.IB:close,7.1058,wsd,close
2020-04-02,USDCNY.IB:close,7.0977,wsd,close
2020-04-03,USDCNY.IB:close,7.0903,wsd,close
2020-04-07,USDCNY.IB:close,7.055,wsd,close
2020-04-08,USDCNY.IB:close,7.0682,wsd,close
2020-04-09,USDCNY.IB:close,7.059,wsd,close
2020-04-10,USDCNY.IB:close,7.0359,wsd,close
2020-04-13,USDCNY.IB:close,7.0489,wsd,close
2020-04-14,USDCNY.IB:close,7.0605,wsd,close
2020-04-15,USDCNY.IB:close,7.0617,wsd,close
2020-04-16,USDCNY.IB:close,7.0745,wsd,close
2020-04-17,USDCNY.IB:close,7.0764,wsd,close
2020-04-20,USDCNY.IB:close,7.0755,wsd,close
2020-04-21,USDCNY.IB:close,7.0876,wsd,close
2020-04-22,USDCNY.IB:close,7.0842,wsd,close
2020-04-23,USDCNY.IB:close,7.0791,wsd,close
2020-04-24,USDCNY.IB:close,7.0829,wsd,close
2020-04-27,USDCNY.IB:close,7.0836,wsd,close
2020-04-28,USDCNY.IB:close,7.0855,wsd,close
2020-04-29,USDCNY.IB:close,7.0748,wsd,close
2020-04-30,USDCNY.IB:close,7.0519,wsd,close
2020-05-06,USDCNY.IB:close,7.0959,wsd,close
2020-05-07,USDCNY.IB:close,7.0913,wsd,close
2020-05-08,USDCNY.IB:close,7.0792,wsd,close
2020-05-11,USDCNY.IB:close,7.0864,wsd,close
2020-05-12,USDCNY.IB:close,7.0886,wsd,close
2020-05-13,USDCNY.IB:close,7.0937,wsd,close
2020-05-14,USDCNY.IB:close,7.0948,wsd,close
2020-05-15,USDCNY.IB:close,7.0995,wsd,close
2020-05-18,USDCNY.IB:close,7.1133,wsd,close
2020-05-19,USDCNY.IB:close,7.1069,wsd,close
2020-05-20,USDCNY.IB:close,7.1067,wsd,close
2020-05-21,USDCNY.IB:close,7.0998,wsd,close
2020-05-22,USDCNY.IB:close,7.1416,wsd,close
2020-05-25,USDCNY.IB:close,7.1388,wsd,close
2020-05-26,USDCNY.IB:close,7.1354,wsd,close
2020-05-27,USDCNY.IB:close,7.1547,wsd,close
2020-05-28,USDCNY.IB:close,7.16,wsd,close
2020-05-29,USDCNY.IB:close,7.1455,wsd,close
2020-06-01,USDCNY.IB:close,7.134,wsd,close
2020-06-02,USDCNY.IB:close,7.1105,wsd,close
2020-06-03,USDCNY.IB:close,7.1099,wsd,close
2020-06-04,USDCNY.IB:close,7.1223,wsd,close
2020-06-05,USDCNY.IB:close,7.0866,wsd,close
2020-06-08,USDCNY.IB:close,7.0745,wsd,close
2020-06-09,USDCNY.IB:close,7.0882,wsd,close
2020-06-10,USDCNY.IB:close,7.067,wsd,close
2020-06-11,USDCNY.IB:close,7.0698,wsd,close
2020-06-12,USDCNY.IB:close,7.0745,wsd,close
2020-06-15,USDCNY.IB:close,7.0946,wsd,close
2020-06-16,USDCNY.IB:close,7.0818,wsd,close
2020-06-17,USDCNY.IB:close,7.0859,wsd,close
2020-06-18,USDCNY.IB:close,7.0812,wsd,close
2020-06-19,USDCNY.IB:close,7.078,wsd,close
2020-06-22,USDCNY.IB:close,7.077,wsd,close
2020-06-23,USDCNY.IB:close,7.065,wsd,close
2020-06-24,USDCNY.IB:close,7.0744,wsd,close
2020-06-29,USDCNY.IB:close,7.0776,wsd,close
2020-06-30,USDCNY.IB:close,7.0741,wsd,close
2020-07-01,USDCNY.IB:close,7.0611,wsd,close
2020-07-02,USDCNY.IB:close,7.0663,wsd,close
2020-07-03,USDCNY.IB:close,7.068,wsd,close
2020-07-06,USDCNY.IB:close,7.033,wsd,close
2020-07-07,USDCNY.IB:close,7.0241,wsd,close
2020-07-08,USDCNY.IB:close,7.0176,wsd,close
2020-07-09,USDCNY.IB:close,6.9862,wsd,close
2020-07-10,USDCNY.IB:close,7.0071,wsd,close
2020-07-13,USDCNY.IB:close,7.0031,wsd,close
2020-07-14,USDCNY.IB:close,7.0188,wsd,close
2020-07-15,USDCNY.IB:close,6.9886,wsd,close
2020-07-16,USDCNY.IB:close,6.9982,wsd,close
2020-07-17,USDCNY.IB:close,7.0002,wsd,close
2020-07-20,USDCNY.IB:close,6.9912,wsd,close
2020-07-21,USDCNY.IB:close,6.9936,wsd,close
2020-07-22,USDCNY.IB:close,7.0059,wsd,close
2020-07-23,USDCNY.IB:close,6.9961,wsd,close
2020-07-24,USDCNY.IB:close,7.0162,wsd,close
2020-07-27,USDCNY.IB:close,7.001,wsd,close
2020-07-28,USDCNY.IB:close,7.0072,wsd,close
2020-07-29,USDCNY.IB:close,6.9997,wsd,close
2020-07-30,USDCNY.IB:close,7.0064,wsd,close
2020-07-31,USDCNY.IB:close,6.9794,wsd,close
2020-08-03,USDCNY.IB:close,6.9773,wsd,close
2020-08-04,USDCNY.IB:close,6.982,wsd,close
2020-08-05,USDCNY.IB:close,6.953,wsd,close
2020-08-06,USDCNY.IB:close,6.9441,wsd,close
2020-08-07,USDCNY.IB:close,6.9598,wsd,close
2020-08-10,USDCNY.IB:close,6.9701,wsd,close
2020-08-11,USDCNY.IB:close,6.9519,wsd,close
2020-08-12,USDCNY.IB:close,6.9458,wsd,close
2020-08-13,USDCNY.IB:close,6.9445,wsd,close
2020-08-14,USDCNY.IB:close,6.9498,wsd,close
2020-08-17,USDCNY.IB:close,6.9417,wsd,close
2020-08-18,USDCNY.IB:close,6.9257,wsd,close
2020-08-19,USDCNY.IB:close,6.9103,wsd,close
2020-08-20,USDCNY.IB:close,6.9216,wsd,close
2020-08-21,USDCNY.IB:close,6.9136,wsd,close
2020-08-24,USDCNY.IB:close,6.9126,wsd,close
2020-08-25,USDCNY.IB:close,6.9117,wsd,close
2020-08-26,USDCNY.IB:close,6.8919,wsd,close
2020-08-27,USDCNY.IB:close,6.8946,wsd,close
2020-08-28,USDCNY.IB:close,6.8651,wsd,close
2020-08-31,USDCNY.IB:close,6.8535,wsd,close
2020-09-01,USDCNY.IB:close,6.8239,wsd,close
2020-09-02,USDCNY.IB:close,6.8261,wsd,close
2020-09-03,USDCNY.IB:close,6.8355,wsd,close
2020-09-04,USDCNY.IB:close,6.8393,wsd,close
2020-09-07,USDCNY.IB:close,6.8302,wsd,close
2020-09-08,USDCNY.IB:close,6.8316,wsd,close
2020-09-09,USDCNY.IB:close,6.846,wsd,close
2020-09-10,USDCNY.IB:close,6.8398,wsd,close
2020-09-11,USDCNY.IB:close,6.8369,wsd,close
2020-09-14,USDCNY.IB:close,6.8235,wsd,close
2020-09-15,USDCNY.IB:close,6.7775,wsd,close
2020-09-16,USDCNY.IB:close,6.7613,wsd,close
2020-09-17,USDCNY.IB:close,6.7659,wsd,close
2020-09-18,USDCNY.IB:close,6.7588,wsd,close
2020-09-21,USDCNY.IB:close,6.7733,wsd,close
2020-09-22,USDCNY.IB:close,6.7875,wsd,close
2020-09-23,USDCNY.IB:close,6.792,wsd,close
2020-09-24,USDCNY.IB:close,6.824,wsd,close
2020-09-25,USDCNY.IB:close,6.8202,wsd,close
2020-09-28,USDCNY.IB:close,6.8209,wsd,close
2020-09-29,USDCNY.IB:close,6.8229,wsd,close
2020-09-30,USDCNY.IB:close,6.8106,wsd,close
2020-10-09,USDCNY.IB:close,6.7135,wsd,close
2020-10-12,USDCNY.IB:close,6.7358,wsd,close
2020-10-13,USDCNY.IB:close,6.7385,wsd,close
2020-10-14,USDCNY.IB:close,6.737,wsd,close
2020-10-15,USDCNY.IB:close,6.73,wsd,close
2020-10-16,USDCNY.IB:close,6.6982,wsd,close
2020-10-19,USDCNY.IB:close,6.6935,wsd,close
2020-10-20,USDCNY.IB:close,6.6818,wsd,close
2020-10-21,USDCNY.IB:close,6.6575,wsd,close
2020-10-22,USDCNY.IB:close,6.6689,wsd,close
2020-10-23,USDCNY.IB:close,6.669,wsd,close
2020-10-26,USDCNY.IB:close,6.6985,wsd,close
2020-10-27,USDCNY.IB:close,6.7157,wsd,close
2020-10-28,USDCNY.IB:close,6.7138,wsd,close
2020-10-29,USDCNY.IB:close,6.7104,wsd,close
2020-10-30,USDCNY.IB:close,6.7002,wsd,close
2020-11-02,USDCNY.IB:close,6.7001,wsd,close
2020-11-03,USDCNY.IB:close,6.6884,wsd,close
2020-11-04,USDCNY.IB:close,6.7138,wsd,close
2020-11-05,USDCNY.IB:close,6.64,wsd,close
2020-11-06,USDCNY.IB:close,6.6215,wsd,close
2020-11-09,USDCNY.IB:close,6.5728,wsd,close
2020-11-10,USDCNY.IB:close,6.6041,wsd,close
2020-11-11,USDCNY.IB:close,6.62,wsd,close
2020-11-12,USDCNY.IB:close,6.6297,wsd,close
2020-11-13,USDCNY.IB:close,6.6144,wsd,close
2020-11-16,USDCNY.IB:close,6.577,wsd,close
2020-11-17,USDCNY.IB:close,6.558,wsd,close
2020-11-18,USDCNY.IB:close,6.5425,wsd,close
2020-11-19,USDCNY.IB:close,6.5851,wsd,close
2020-11-20,USDCNY.IB:close,6.5714,wsd,close
2020-11-23,USDCNY.IB:close,6.5694,wsd,close
2020-11-24,USDCNY.IB:close,6.5761,wsd,close
2020-11-25,USDCNY.IB:close,6.5796,wsd,close
2020-11-26,USDCNY.IB:close,6.5729,wsd,close
2020-11-27,USDCNY.IB:close,6.5823,wsd,close
2020-11-30,USDCNY.IB:close,6.5827,wsd,close
2020-12-01,USDCNY.IB:close,6.5707,wsd,close
2020-12-02,USDCNY.IB:close,6.5684,wsd,close
2020-12-03,USDCNY.IB:close,6.559,wsd,close
2020-12-04,USDCNY.IB:close,6.5302,wsd,close
2020-12-07,USDCNY.IB:close,6.5382,wsd,close
2020-12-08,USDCNY.IB:close,6.532,wsd,close
2020-12-09,USDCNY.IB:close,6.5374,wsd,close
2020-12-10,USDCNY.IB:close,6.548,wsd,close
2020-12-11,USDCNY.IB:close,6.5411,wsd,close
2020-12-14,USDCNY.IB:close,6.5367,wsd,close
2020-12-15,USDCNY.IB:close,6.5446,wsd,close
2020-12-16,USDCNY.IB:close,6.5378,wsd,close
2020-12-17,USDCNY.IB:close,6.5335,wsd,close
2020-12-18,USDCNY.IB:close,6.5415,wsd,close
2020-12-21,USDCNY.IB:close,6.5494,wsd,close
2020-12-22,USDCNY.IB:close,6.548,wsd,close
2020-12-23,USDCNY.IB:close,6.5378,wsd,close
2020-12-24,USDCNY.IB:close,6.532,wsd,close
2020-12-25,USDCNY.IB:close,6.5241,wsd,close
2020-12-28,USDCNY.IB:close,6.5375,wsd,close
2020-12-29,USDCNY.IB:close,6.5305,wsd,close
2020-12-30,USDCNY.IB:close,6.5307,wsd,close
2020-12-31,USDCNY.IB:close,6.5398,wsd,close
2021-01-04,USDCNY.IB:close,6.4628,wsd,close
2021-01-05,USDCNY.IB:close,6.464,wsd,close
2021-01-06,USDCNY.IB:close,6.4615,wsd,close
2021-01-07,USDCNY.IB:close,6.4567,wsd,close
2021-01-08,USDCNY.IB:close,6.4719,wsd,close
2021-01-11,USDCNY.IB:close,6.4748,wsd,close
2021-01-12,USDCNY.IB:close,6.467,wsd,close
2021-01-13,USDCNY.IB:close,6.4659,wsd,close
2021-01-14,USDCNY.IB:close,6.4678,wsd,close
2021-01-15,USDCNY.IB:close,6.4752,wsd,close
2021-01-18,USDCNY.IB:close,6.493,wsd,close
2021-01-19,USDCNY.IB:close,6.4872,wsd,close
2021-01-20,USDCNY.IB:close,6.4676,wsd,close
2021-01-21,USDCNY.IB:close,6.4643,wsd,close
2021-01-22,USDCNY.IB:close,6.4777,wsd,close
2021-01-25,USDCNY.IB:close,6.4763,wsd,close
2021-01-26,USDCNY.IB:close,6.4756,wsd,close
2021-01-27,USDCNY.IB:close,6.4671,wsd,close
2021-01-28,USDCNY.IB:close,6.4758,wsd,close
2021-01-29,USDCNY.IB:close,6.4612,wsd,close
2021-02-01,USDCNY.IB:close,6.4641,wsd,close
2021-02-02,USDCNY.IB:close,6.4597,wsd,close
2021-02-03,USDCNY.IB:close,6.4587,wsd,close
2021-02-04,USDCNY.IB:close,6.4629,wsd,close
2021-02-05,USDCNY.IB:close,6.481,wsd,close
2021-02-08,USDCNY.IB:close,6.4583,wsd,close
2021-02-09,USDCNY.IB:close,6.4487,wsd,close
2021-02-10,USDCNY.IB:close,6.438,wsd,close
2021-02-18,USDCNY.IB:close,6.4706,wsd,close
2021-02-19,USDCNY.IB:close,6.4575,wsd,close
2021-02-22,USDCNY.IB:close,6.4675,wsd,close
2021-02-23,USDCNY.IB:close,6.4606,wsd,close
2021-02-24,USDCNY.IB:close,6.453,wsd,close
2021-02-25,USDCNY.IB:close,6.45,wsd,close
2021-02-26,USDCNY.IB:close,6.459,wsd,close
2021-03-01,USDCNY.IB:close,6.4615,wsd,close
2021-03-02,USDCNY.IB:close,6.4699,wsd,close
2021-03-03,USDCNY.IB:close,6.462,wsd,close
2021-03-04,USDCNY.IB:close,6.469,wsd,close
2021-03-05,USDCNY.IB:close,6.4768,wsd,close
2021-03-08,USDCNY.IB:close,6.5233,wsd,close
2021-03-09,USDCNY.IB:close,6.518,wsd,close
2021-03-10,USDCNY.IB:close,6.5116,wsd,close
2021-03-11,USDCNY.IB:close,6.4911,wsd,close
2021-03-12,USDCNY.IB:close,6.5036,wsd,close
2021-03-15,USDCNY.IB:close,6.5031,wsd,close
2021-03-16,USDCNY.IB:close,6.4995,wsd,close
2021-03-17,USDCNY.IB:close,6.503,wsd,close
2021-03-18,USDCNY.IB:close,6.5017,wsd,close
2021-03-19,USDCNY.IB:close,6.5045,wsd,close
2021-03-22,USDCNY.IB:close,6.51,wsd,close
2021-03-23,USDCNY.IB:close,6.5108,wsd,close
2021-03-24,USDCNY.IB:close,6.5236,wsd,close
2021-03-25,USDCNY.IB:close,6.534,wsd,close
2021-03-26,USDCNY.IB:close,6.5407,wsd,close
2021-03-29,USDCNY.IB:close,6.5626,wsd,close
2021-03-30,USDCNY.IB:close,6.5677,wsd,close
2021-03-31,USDCNY.IB:close,6.5566,wsd,close
2021-04-01,USDCNY.IB:close,6.5739,wsd,close
2021-04-02,USDCNY.IB:close,6.5612,wsd,close
2021-04-06,USDCNY.IB:close,6.5501,wsd,close
2021-04-07,USDCNY.IB:close,6.546,wsd,close
2021-04-08,USDCNY.IB:close,6.549,wsd,close
2021-04-09,USDCNY.IB:close,6.5589,wsd,close
2021-04-12,USDCNY.IB:close,6.5514,wsd,close
2021-04-13,USDCNY.IB:close,6.5487,wsd,close
2021-04-14,USDCNY.IB:close,6.5334,wsd,close
2021-04-15,USDCNY.IB:close,6.5322,wsd,close
2021-04-16,USDCNY.IB:close,6.5228,wsd,close
2021-04-19,USDCNY.IB:close,6.5115,wsd,close
2021-04-20,USDCNY.IB:close,6.4953,wsd,close
2021-04-21,USDCNY.IB:close,6.4951,wsd,close
2021-04-22,USDCNY.IB:close,6.4888,wsd,close
2021-04-23,USDCNY.IB:close,6.4936,wsd,close
2021-04-26,USDCNY.IB:close,6.4878,wsd,close
2021-04-27,USDCNY.IB:close,6.486,wsd,close
2021-04-28,USDCNY.IB:close,6.4847,wsd,close
2021-04-29,USDCNY.IB:close,6.4652,wsd,close
2021-04-30,USDCNY.IB:close,6.4716,wsd,close
2021-05-06,USDCNY.IB:close,6.4739,wsd,close
2021-05-07,USDCNY.IB:close,6.4589,wsd,close
2021-05-10,USDCNY.IB:close,6.4173,wsd,close
2021-05-11,USDCNY.IB:close,6.427,wsd,close
2021-05-12,USDCNY.IB:close,6.4425,wsd,close
2021-05-13,USDCNY.IB:close,6.4549,wsd,close
2021-05-14,USDCNY.IB:close,6.4347,wsd,close
2021-05-17,USDCNY.IB:close,6.4416,wsd,close
2021-05-18,USDCNY.IB:close,6.4245,wsd,close
2021-05-19,USDCNY.IB:close,6.4382,wsd,close
2021-05-20,USDCNY.IB:close,6.4353,wsd,close
2021-05-21,USDCNY.IB:close,6.4337,wsd,close
2021-05-24,USDCNY.IB:close,6.4293,wsd,close
2021-05-25,USDCNY.IB:close,6.4078,wsd,close
2021-05-26,USDCNY.IB:close,6.393,wsd,close
2021-05-27,USDCNY.IB:close,6.3758,wsd,close
2021-05-28,USDCNY.IB:close,6.3654,wsd,close
2021-05-31,USDCNY.IB:close,6.3607,wsd,close
2021-06-01,USDCNY.IB:close,6.3759,wsd,close
2021-06-02,USDCNY.IB:close,6.3872,wsd,close
2021-06-03,USDCNY.IB:close,6.3932,wsd,close
2021-06-04,USDCNY.IB:close,6.4092,wsd,close
2021-06-07,USDCNY.IB:close,6.3961,wsd,close
2021-06-08,USDCNY.IB:close,6.3972,wsd,close
2021-06-09,USDCNY.IB:close,6.3899,wsd,close
2021-06-10,USDCNY.IB:close,6.3903,wsd,close
2021-06-11,USDCNY.IB:close,6.3914,wsd,close
2021-06-15,USDCNY.IB:close,6.4021,wsd,close
2021-06-16,USDCNY.IB:close,6.3974,wsd,close
2021-06-17,USDCNY.IB:close,6.4277,wsd,close
2021-06-18,USDCNY.IB:close,6.4408,wsd,close
2021-06-21,USDCNY.IB:close,6.4705,wsd,close
2021-06-22,USDCNY.IB:close,6.4733,wsd,close
2021-06-23,USDCNY.IB:close,6.4808,wsd,close
2021-06-24,USDCNY.IB:close,6.4732,wsd,close
2021-06-25,USDCNY.IB:close,6.4553,wsd,close
2021-06-28,USDCNY.IB:close,6.4565,wsd,close
2021-06-29,USDCNY.IB:close,6.4575,wsd,close
2021-06-30,USDCNY.IB:close,6.4612,wsd,close
2021-07-01,USDCNY.IB:close,6.464,wsd,close
2021-07-02,USDCNY.IB:close,6.4825,wsd,close
2021-07-05,USDCNY.IB:close,6.4608,wsd,close
2021-07-06,USDCNY.IB:close,6.4627,wsd,close
2021-07-07,USDCNY.IB:close,6.4639,wsd,close
2021-07-08,USDCNY.IB:close,6.4811,wsd,close
2021-07-09,USDCNY.IB:close,6.4847,wsd,close
2021-07-12,USDCNY.IB:close,6.4727,wsd,close
2021-07-13,USDCNY.IB:close,6.4651,wsd,close
2021-07-14,USDCNY.IB:close,6.4728,wsd,close
2021-07-15,USDCNY.IB:close,6.4612,wsd,close
2021-07-16,USDCNY.IB:close,6.4678,wsd,close
2021-07-19,USDCNY.IB:close,6.4835,wsd,close
2021-07-20,USDCNY.IB:close,6.48,wsd,close
2021-07-21,USDCNY.IB:close,6.4743,wsd,close
2021-07-22,USDCNY.IB:close,6.4661,wsd,close
2021-07-23,USDCNY.IB:close,6.4759,wsd,close
2021-07-26,USDCNY.IB:close,6.4827,wsd,close
2021-07-27,USDCNY.IB:close,6.504,wsd,close
2021-07-28,USDCNY.IB:close,6.5035,wsd,close
2021-07-29,USDCNY.IB:close,6.4628,wsd,close
2021-07-30,USDCNY.IB:close,6.456,wsd,close
2021-08-02,USDCNY.IB:close,6.4609,wsd,close
2021-08-03,USDCNY.IB:close,6.4649,wsd,close
2021-08-04,USDCNY.IB:close,6.4619,wsd,close
2021-08-05,USDCNY.IB:close,6.4611,wsd,close
2021-08-06,USDCNY.IB:close,6.4688,wsd,close
2021-08-09,USDCNY.IB:close,6.478,wsd,close
2021-08-10,USDCNY.IB:close,6.4807,wsd,close
2021-08-11,USDCNY.IB:close,6.487,wsd,close
2021-08-12,USDCNY.IB:close,6.4771,wsd,close
2021-08-13,USDCNY.IB:close,6.483,wsd,close
2021-08-16,USDCNY.IB:close,6.4756,wsd,close
2021-08-17,USDCNY.IB:close,6.4799,wsd,close
2021-08-18,USDCNY.IB:close,6.4801,wsd,close
2021-08-19,USDCNY.IB:close,6.4929,wsd,close
2021-08-20,USDCNY.IB:close,6.5,wsd,close
2021-08-23,USDCNY.IB:close,6.4902,wsd,close
2021-08-24,USDCNY.IB:close,6.4778,wsd,close
2021-08-25,USDCNY.IB:close,6.4742,wsd,close
2021-08-26,USDCNY.IB:close,6.4837,wsd,close
2021-08-27,USDCNY.IB:close,6.4797,wsd,close
2021-08-30,USDCNY.IB:close,6.466,wsd,close
2021-08-31,USDCNY.IB:close,6.4645,wsd,close
2021-09-01,USDCNY.IB:close,6.4652,wsd,close
2021-09-02,USDCNY.IB:close,6.4617,wsd,close
2021-09-03,USDCNY.IB:close,6.4565,wsd,close
2021-09-06,USDCNY.IB:close,6.4538,wsd,close
2021-09-07,USDCNY.IB:close,6.4604,wsd,close
2021-09-08,USDCNY.IB:close,6.4622,wsd,close
2021-09-09,USDCNY.IB:close,6.4572,wsd,close
2021-09-10,USDCNY.IB:close,6.4408,wsd,close
2021-09-13,USDCNY.IB:close,6.455,wsd,close
2021-09-14,USDCNY.IB:close,6.4433,wsd,close
2021-09-15,USDCNY.IB:close,6.4351,wsd,close
2021-09-16,USDCNY.IB:close,6.4447,wsd,close
2021-09-17,USDCNY.IB:close,6.4521,wsd,close
2021-09-22,USDCNY.IB:close,6.4683,wsd,close
2021-09-23,USDCNY.IB:close,6.4594,wsd,close
2021-09-24,USDCNY.IB:close,6.4645,wsd,close
2021-09-27,USDCNY.IB:close,6.4614,wsd,close
2021-09-28,USDCNY.IB:close,6.4592,wsd,close
2021-09-29,USDCNY.IB:close,6.468,wsd,close
2021-09-30,USDCNY.IB:close,6.4626,wsd,close
2021-10-08,USDCNY.IB:close,6.4491,wsd,close
2021-10-11,USDCNY.IB:close,6.4377,wsd,close
2021-10-12,USDCNY.IB:close,6.4565,wsd,close
2021-10-13,USDCNY.IB:close,6.4452,wsd,close
2021-10-14,USDCNY.IB:close,6.4339,wsd,close
2021-10-15,USDCNY.IB:close,6.4291,wsd,close
2021-10-18,USDCNY.IB:close,6.4345,wsd,close
2021-10-19,USDCNY.IB:close,6.3998,wsd,close
2021-10-20,USDCNY.IB:close,6.3936,wsd,close
2021-10-21,USDCNY.IB:close,6.3988,wsd,close
2021-10-22,USDCNY.IB:close,6.3903,wsd,close
2021-10-25,USDCNY.IB:close,6.381,wsd,close
2021-10-26,USDCNY.IB:close,6.3812,wsd,close
2021-10-27,USDCNY.IB:close,6.3934,wsd,close
2021-10-28,USDCNY.IB:close,6.4006,wsd,close
2021-10-29,USDCNY.IB:close,6.4009,wsd,close
2021-11-01,USDCNY.IB:close,6.4032,wsd,close
2021-11-02,USDCNY.IB:close,6.3985,wsd,close
2021-11-03,USDCNY.IB:close,6.397,wsd,close
2021-11-04,USDCNY.IB:close,6.3956,wsd,close
2021-11-05,USDCNY.IB:close,6.4013,wsd,close
2021-11-08,USDCNY.IB:close,6.3981,wsd,close
2021-11-09,USDCNY.IB:close,6.395,wsd,close
2021-11-10,USDCNY.IB:close,6.3915,wsd,close
2021-11-11,USDCNY.IB:close,6.4048,wsd,close
2021-11-12,USDCNY.IB:close,6.3902,wsd,close
2021-11-15,USDCNY.IB:close,6.3803,wsd,close
2021-11-16,USDCNY.IB:close,6.377,wsd,close
2021-11-17,USDCNY.IB:close,6.3817,wsd,close
2021-11-18,USDCNY.IB:close,6.3809,wsd,close
2021-11-19,USDCNY.IB:close,6.3811,wsd,close
2021-11-22,USDCNY.IB:close,6.3759,wsd,close
2021-11-23,USDCNY.IB:close,6.3845,wsd,close
2021-11-24,USDCNY.IB:close,6.3877,wsd,close
2021-11-25,USDCNY.IB:close,6.3894,wsd,close
2021-11-26,USDCNY.IB:close,6.3913,wsd,close
2021-11-29,USDCNY.IB:close,6.3821,wsd,close
2021-11-30,USDCNY.IB:close,6.3701,wsd,close
2021-12-01,USDCNY.IB:close,6.3705,wsd,close
2021-12-02,USDCNY.IB:close,6.373,wsd,close
2021-12-03,USDCNY.IB:close,6.369,wsd,close
2021-12-06,USDCNY.IB:close,6.3715,wsd,close
2021-12-07,USDCNY.IB:close,6.3678,wsd,close
2021-12-08,USDCNY.IB:close,6.3535,wsd,close
2021-12-09,USDCNY.IB:close,6.3457,wsd,close
2021-12-10,USDCNY.IB:close,6.3704,wsd,close
2021-12-13,USDCNY.IB:close,6.3631,wsd,close
2021-12-14,USDCNY.IB:close,6.3634,wsd,close
2021-12-15,USDCNY.IB:close,6.3652,wsd,close
2021-12-16,USDCNY.IB:close,6.3679,wsd,close
2021-12-17,USDCNY.IB:close,6.3742,wsd,close
2021-12-20,USDCNY.IB:close,6.3781,wsd,close
2021-12-21,USDCNY.IB:close,6.3707,wsd,close
2021-12-22,USDCNY.IB:close,6.3721,wsd,close
2021-12-23,USDCNY.IB:close,6.3702,wsd,close
2021-12-24,USDCNY.IB:close,6.37,wsd,close
2021-12-27,USDCNY.IB:close,6.3725,wsd,close
2021-12-28,USDCNY.IB:close,6.3713,wsd,close
2021-12-29,USDCNY.IB:close,6.3714,wsd,close
2021-12-30,USDCNY.IB:close,6.3793,wsd,close
2021-12-31,USDCNY.IB:close,6.373,wsd,close
2022-01-04,USDCNY.IB:close,6.3745,wsd,close
2022-01-05,USDCNY.IB:close,6.3677,wsd,close
2022-01-06,USDCNY.IB:close,6.3761,wsd,close
2022-01-07,USDCNY.IB:close,6.3739,wsd,close
2022-01-10,USDCNY.IB:close,6.3718,wsd,close
2022-01-11,USDCNY.IB:close,6.3718,wsd,close
2022-01-12,USDCNY.IB:close,6.3646,wsd,close
2022-01-13,USDCNY.IB:close,6.3598,wsd,close
2022-01-14,USDCNY.IB:close,6.3435,wsd,close
2022-01-17,USDCNY.IB:close,6.3466,wsd,close
2022-01-18,USDCNY.IB:close,6.3513,wsd,close
2022-01-19,USDCNY.IB:close,6.3522,wsd,close
2022-01-20,USDCNY.IB:close,6.3421,wsd,close
2022-01-21,USDCNY.IB:close,6.3397,wsd,close
2022-01-24,USDCNY.IB:close,6.332,wsd,close
2022-01-25,USDCNY.IB:close,6.3252,wsd,close
2022-01-26,USDCNY.IB:close,6.3219,wsd,close
2022-01-27,USDCNY.IB:close,6.3645,wsd,close
2022-01-28,USDCNY.IB:close,6.3636,wsd,close
2022-02-07,USDCNY.IB:close,6.3578,wsd,close
2022-02-08,USDCNY.IB:close,6.3688,wsd,close
2022-02-09,USDCNY.IB:close,6.3609,wsd,close
2022-02-10,USDCNY.IB:close,6.359,wsd,close
2022-02-11,USDCNY.IB:close,6.3592,wsd,close
2022-02-14,USDCNY.IB:close,6.3598,wsd,close
2022-02-15,USDCNY.IB:close,6.3475,wsd,close
2022-02-16,USDCNY.IB:close,6.3353,wsd,close
2022-02-17,USDCNY.IB:close,6.3366,wsd,close
2022-02-18,USDCNY.IB:close,6.3265,wsd,close
2022-02-21,USDCNY.IB:close,6.3333,wsd,close
2022-02-22,USDCNY.IB:close,6.3356,wsd,close
2022-02-23,USDCNY.IB:close,6.3178,wsd,close
2022-02-24,USDCNY.IB:close,6.3234,wsd,close
2022-02-25,USDCNY.IB:close,6.3142,wsd,close
2022-02-28,USDCNY.IB:close,6.3111,wsd,close
2022-03-01,USDCNY.IB:close,6.3127,wsd,close
2022-03-02,USDCNY.IB:close,6.3107,wsd,close
2022-03-03,USDCNY.IB:close,6.3184,wsd,close
2022-03-04,USDCNY.IB:close,6.3189,wsd,close
2022-03-07,USDCNY.IB:close,6.3183,wsd,close
2022-03-08,USDCNY.IB:close,6.3141,wsd,close
2022-03-09,USDCNY.IB:close,6.3163,wsd,close
2022-03-10,USDCNY.IB:close,6.3216,wsd,close
2022-03-11,USDCNY.IB:close,6.3228,wsd,close
2022-03-14,USDCNY.IB:close,6.3598,wsd,close
2022-03-15,USDCNY.IB:close,6.38,wsd,close
2022-03-16,USDCNY.IB:close,6.3465,wsd,close
2022-03-17,USDCNY.IB:close,6.3494,wsd,close
2022-03-18,USDCNY.IB:close,6.3641,wsd,close
2022-03-21,USDCNY.IB:close,6.3588,wsd,close
2022-03-22,USDCNY.IB:close,6.36,wsd,close
2022-03-23,USDCNY.IB:close,6.3742,wsd,close
2022-03-24,USDCNY.IB:close,6.3697,wsd,close
2022-03-25,USDCNY.IB:close,6.3655,wsd,close
2022-03-28,USDCNY.IB:close,6.3702,wsd,close
2022-03-29,USDCNY.IB:close,6.3722,wsd,close
2022-03-30,USDCNY.IB:close,6.3526,wsd,close
2022-03-31,USDCNY.IB:close,6.3433,wsd,close
2022-04-01,USDCNY.IB:close,6.3591,wsd,close
2022-04-06,USDCNY.IB:close,6.3636,wsd,close
2022-04-07,USDCNY.IB:close,6.3634,wsd,close
2022-04-08,USDCNY.IB:close,6.3637,wsd,close
2022-04-11,USDCNY.IB:close,6.3699,wsd,close
2022-04-12,USDCNY.IB:close,6.3711,wsd,close
2022-04-13,USDCNY.IB:close,6.3655,wsd,close
2022-04-14,USDCNY.IB:close,6.3704,wsd,close
2022-04-15,USDCNY.IB:close,6.3712,wsd,close
2022-04-18,USDCNY.IB:close,6.3698,wsd,close
2022-04-19,USDCNY.IB:close,6.3778,wsd,close
2022-04-20,USDCNY.IB:close,6.4153,wsd,close
2022-04-21,USDCNY.IB:close,6.45,wsd,close
2022-04-22,USDCNY.IB:close,6.4875,wsd,close
2022-04-25,USDCNY.IB:close,6.5544,wsd,close
2022-04-26,USDCNY.IB:close,6.5473,wsd,close
2022-04-27,USDCNY.IB:close,6.5569,wsd,close
2022-04-28,USDCNY.IB:close,6.6115,wsd,close
2022-04-29,USDCNY.IB:close,6.5866,wsd,close
2022-05-05,USDCNY.IB:close,6.6224,wsd,close
2022-05-06,USDCNY.IB:close,6.6845,wsd,close
2022-05-09,USDCNY.IB:close,6.7202,wsd,close
2022-05-10,USDCNY.IB:close,6.7227,wsd,close
2022-05-11,USDCNY.IB:close,6.7274,wsd,close
2022-05-12,USDCNY.IB:close,6.79,wsd,close
2022-05-13,USDCNY.IB:close,6.783,wsd,close
2022-05-16,USDCNY.IB:close,6.7967,wsd,close
2022-05-17,USDCNY.IB:close,6.7472,wsd,close
2022-05-18,USDCNY.IB:close,6.749,wsd,close
2022-05-19,USDCNY.IB:close,6.7678,wsd,close
2022-05-20,USDCNY.IB:close,6.674,wsd,close
2022-05-23,USDCNY.IB:close,6.6634,wsd,close
2022-05-24,USDCNY.IB:close,6.6671,wsd,close
2022-05-25,USDCNY.IB:close,6.6737,wsd,close
2022-05-26,USDCNY.IB:close,6.7381,wsd,close
2022-05-27,USDCNY.IB:close,6.7081,wsd,close
2022-05-30,USDCNY.IB:close,6.6648,wsd,close
2022-05-31,USDCNY.IB:close,6.6578,wsd,close
2022-06-01,USDCNY.IB:close,6.6941,wsd,close
2022-06-02,USDCNY.IB:close,6.675,wsd,close
2022-06-06,USDCNY.IB:close,6.6457,wsd,close
2022-06-07,USDCNY.IB:close,6.6655,wsd,close
2022-06-08,USDCNY.IB:close,6.683,wsd,close
2022-06-09,USDCNY.IB:close,6.6837,wsd,close
2022-06-10,USDCNY.IB:close,6.6927,wsd,close
2022-06-13,USDCNY.IB:close,6.7341,wsd,close
2022-06-14,USDCNY.IB:close,6.7358,wsd,close
2022-06-15,USDCNY.IB:close,6.7195,wsd,close
2022-06-16,USDCNY.IB:close,6.7162,wsd,close
2022-06-17,USDCNY.IB:close,6.701,wsd,close
2022-06-20,USDCNY.IB:close,6.686,wsd,close
2022-06-21,USDCNY.IB:close,6.6995,wsd,close
2022-06-22,USDCNY.IB:close,6.7171,wsd,close
2022-06-23,USDCNY.IB:close,6.708,wsd,close
2022-06-24,USDCNY.IB:close,6.6936,wsd,close
2022-06-27,USDCNY.IB:close,6.6878,wsd,close
2022-06-28,USDCNY.IB:close,6.6876,wsd,close
2022-06-29,USDCNY.IB:close,6.6972,wsd,close
2022-06-30,USDCNY.IB:close,6.6943,wsd,close
2022-07-01,USDCNY.IB:close,6.7006,wsd,close
2022-07-04,USDCNY.IB:close,6.6965,wsd,close
2022-07-05,USDCNY.IB:close,6.701,wsd,close
2022-07-06,USDCNY.IB:close,6.7032,wsd,close
2022-07-07,USDCNY.IB:close,6.7073,wsd,close
2022-07-08,USDCNY.IB:close,6.7051,wsd,close
2022-07-11,USDCNY.IB:close,6.7076,wsd,close
2022-07-12,USDCNY.IB:close,6.7345,wsd,close
2022-07-13,USDCNY.IB:close,6.7229,wsd,close
2022-07-14,USDCNY.IB:close,6.748,wsd,close
2022-07-15,USDCNY.IB:close,6.767,wsd,close
2022-07-18,USDCNY.IB:close,6.7446,wsd,close
2022-07-19,USDCNY.IB:close,6.7438,wsd,close
2022-07-20,USDCNY.IB:close,6.753,wsd,close
2022-07-21,USDCNY.IB:close,6.7634,wsd,close
2022-07-22,USDCNY.IB:close,6.7657,wsd,close
2022-07-25,USDCNY.IB:close,6.7536,wsd,close
2022-07-26,USDCNY.IB:close,6.7557,wsd,close
2022-07-27,USDCNY.IB:close,6.7569,wsd,close
2022-07-28,USDCNY.IB:close,6.745,wsd,close
2022-07-29,USDCNY.IB:close,6.739,wsd,close
2022-08-01,USDCNY.IB:close,6.7549,wsd,close
2022-08-02,USDCNY.IB:close,6.758,wsd,close
2022-08-03,USDCNY.IB:close,6.7549,wsd,close
2022-08-04,USDCNY.IB:close,6.7562,wsd,close
2022-08-05,USDCNY.IB:close,6.7507,wsd,close
2022-08-08,USDCNY.IB:close,6.7602,wsd,close
2022-08-09,USDCNY.IB:close,6.7542,wsd,close
2022-08-10,USDCNY.IB:close,6.7577,wsd,close
2022-08-11,USDCNY.IB:close,6.7386,wsd,close
2022-08-12,USDCNY.IB:close,6.7349,wsd,close
2022-08-15,USDCNY.IB:close,6.7632,wsd,close
2022-08-16,USDCNY.IB:close,6.7919,wsd,close
2022-08-17,USDCNY.IB:close,6.7757,wsd,close
2022-08-18,USDCNY.IB:close,6.7925,wsd,close
2022-08-19,USDCNY.IB:close,6.8088,wsd,close
2022-08-22,USDCNY.IB:close,6.8384,wsd,close
2022-08-23,USDCNY.IB:close,6.851,wsd,close
2022-08-24,USDCNY.IB:close,6.8654,wsd,close
2022-08-25,USDCNY.IB:close,6.8503,wsd,close
2022-08-26,USDCNY.IB:close,6.8621,wsd,close
2022-08-29,USDCNY.IB:close,6.921,wsd,close
2022-08-30,USDCNY.IB:close,6.898,wsd,close
2022-08-31,USDCNY.IB:close,6.8905,wsd,close
2022-09-01,USDCNY.IB:close,6.899,wsd,close
2022-09-02,USDCNY.IB:close,6.9028,wsd,close
2022-09-05,USDCNY.IB:close,6.9366,wsd,close
2022-09-06,USDCNY.IB:close,6.9485,wsd,close
2022-09-07,USDCNY.IB:close,6.9715,wsd,close
2022-09-08,USDCNY.IB:close,6.9639,wsd,close
2022-09-09,USDCNY.IB:close,6.9192,wsd,close
2022-09-13,USDCNY.IB:close,6.9311,wsd,close
2022-09-14,USDCNY.IB:close,6.963,wsd,close
2022-09-15,USDCNY.IB:close,6.9775,wsd,close
2022-09-16,USDCNY.IB:close,7.0166,wsd,close
2022-09-19,USDCNY.IB:close,7.0179,wsd,close
2022-09-20,USDCNY.IB:close,7.0131,wsd,close
2022-09-21,USDCNY.IB:close,7.0535,wsd,close
2022-09-22,USDCNY.IB:close,7.081,wsd,close
2022-09-23,USDCNY.IB:close,7.1104,wsd,close
2022-09-26,USDCNY.IB:close,7.1464,wsd,close
2022-09-27,USDCNY.IB:close,7.158,wsd,close
2022-09-28,USDCNY.IB:close,7.2458,wsd,close
2022-09-29,USDCNY.IB:close,7.2,wsd,close
2022-09-30,USDCNY.IB:close,7.0931,wsd,close
2022-10-10,USDCNY.IB:close,7.144,wsd,close
2022-10-11,USDCNY.IB:close,7.1788,wsd,close
2022-10-12,USDCNY.IB:close,7.1629,wsd,close
2022-10-13,USDCNY.IB:close,7.1928,wsd,close
2022-10-14,USDCNY.IB:close,7.1931,wsd,close
2022-10-17,USDCNY.IB:close,7.205,wsd,close
2022-10-18,USDCNY.IB:close,7.1952,wsd,close
2022-10-19,USDCNY.IB:close,7.2242,wsd,close
2022-10-20,USDCNY.IB:close,7.2377,wsd,close
2022-10-21,USDCNY.IB:close,7.2494,wsd,close
2022-10-24,USDCNY.IB:close,7.261,wsd,close
2022-10-25,USDCNY.IB:close,7.3085,wsd,close
2022-10-26,USDCNY.IB:close,7.1825,wsd,close
2022-10-27,USDCNY.IB:close,7.2081,wsd,close
2022-10-28,USDCNY.IB:close,7.2565,wsd,close
2022-10-31,USDCNY.IB:close,7.2985,wsd,close
2022-11-01,USDCNY.IB:close,7.2719,wsd,close
2022-11-02,USDCNY.IB:close,7.2825,wsd,close
2022-11-03,USDCNY.IB:close,7.32,wsd,close
2022-11-04,USDCNY.IB:close,7.2703,wsd,close
2022-11-07,USDCNY.IB:close,7.2405,wsd,close
2022-11-08,USDCNY.IB:close,7.262,wsd,close
2022-11-09,USDCNY.IB:close,7.238,wsd,close
2022-11-10,USDCNY.IB:close,7.2474,wsd,close
2022-11-11,USDCNY.IB:close,7.1106,wsd,close
2022-11-14,USDCNY.IB:close,7.0378,wsd,close
2022-11-15,USDCNY.IB:close,7.0335,wsd,close
2022-11-16,USDCNY.IB:close,7.0809,wsd,close
2022-11-17,USDCNY.IB:close,7.1291,wsd,close
2022-11-18,USDCNY.IB:close,7.1275,wsd,close
2022-11-21,USDCNY.IB:close,7.163,wsd,close
2022-11-22,USDCNY.IB:close,7.1384,wsd,close
2022-11-23,USDCNY.IB:close,7.1542,wsd,close
2022-11-24,USDCNY.IB:close,7.1486,wsd,close
2022-11-25,USDCNY.IB:close,7.1615,wsd,close
2022-11-28,USDCNY.IB:close,7.1999,wsd,close
2022-11-29,USDCNY.IB:close,7.1663,wsd,close
2022-11-30,USDCNY.IB:close,7.1419,wsd,close
2022-12-01,USDCNY.IB:close,7.0791,wsd,close
2022-12-02,USDCNY.IB:close,7.038,wsd,close
2022-12-05,USDCNY.IB:close,6.9561,wsd,close
2022-12-06,USDCNY.IB:close,7.0009,wsd,close
2022-12-07,USDCNY.IB:close,6.979,wsd,close
2022-12-08,USDCNY.IB:close,6.9728,wsd,close
2022-12-09,USDCNY.IB:close,6.948,wsd,close
2022-12-12,USDCNY.IB:close,6.9757,wsd,close
2022-12-13,USDCNY.IB:close,6.9811,wsd,close
2022-12-14,USDCNY.IB:close,6.94,wsd,close
2022-12-15,USDCNY.IB:close,6.969,wsd,close
2022-12-16,USDCNY.IB:close,6.9716,wsd,close
2022-12-19,USDCNY.IB:close,6.9747,wsd,close
2022-12-20,USDCNY.IB:close,6.9715,wsd,close
2022-12-21,USDCNY.IB:close,6.9699,wsd,close
2022-12-22,USDCNY.IB:close,6.9793,wsd,close
2022-12-23,USDCNY.IB:close,6.987,wsd,close
2022-12-26,USDCNY.IB:close,6.9587,wsd,close
2022-12-27,USDCNY.IB:close,6.9625,wsd,close
2022-12-28,USDCNY.IB:close,6.9725,wsd,close
2022-12-29,USDCNY.IB:close,6.9709,wsd,close
2022-12-30,USDCNY.IB:close,6.9514,wsd,close
2023-01-03,USDCNY.IB:close,6.905,wsd,close
2023-01-04,USDCNY.IB:close,6.8825,wsd,close
2023-01-05,USDCNY.IB:close,6.8731,wsd,close
2023-01-06,USDCNY.IB:close,6.8588,wsd,close
2023-01-09,USDCNY.IB:close,6.7712,wsd,close
2023-01-10,USDCNY.IB:close,6.7772,wsd,close
2023-01-11,USDCNY.IB:close,6.7775,wsd,close
2023-01-12,USDCNY.IB:close,6.7565,wsd,close
2023-01-13,USDCNY.IB:close,6.7099,wsd,close
2023-01-16,USDCNY.IB:close,6.7281,wsd,close
2023-01-17,USDCNY.IB:close,6.7652,wsd,close
2023-01-18,USDCNY.IB:close,6.7623,wsd,close
2023-01-19,USDCNY.IB:close,6.7738,wsd,close
2023-01-20,USDCNY.IB:close,6.774,wsd,close
2023-01-30,USDCNY.IB:close,6.7514,wsd,close
2023-01-31,USDCNY.IB:close,6.7571,wsd,close
2023-02-01,USDCNY.IB:close,6.741,wsd,close
2023-02-02,USDCNY.IB:close,6.7221,wsd,close
2023-02-03,USDCNY.IB:close,6.7465,wsd,close
2023-02-06,USDCNY.IB:close,6.7832,wsd,close
2023-02-07,USDCNY.IB:close,6.7876,wsd,close
2023-02-08,USDCNY.IB:close,6.7802,wsd,close
2023-02-09,USDCNY.IB:close,6.7817,wsd,close
2023-02-10,USDCNY.IB:close,6.7999,wsd,close
2023-02-13,USDCNY.IB:close,6.8271,wsd,close
2023-02-14,USDCNY.IB:close,6.8165,wsd,close
2023-02-15,USDCNY.IB:close,6.8451,wsd,close
2023-02-16,USDCNY.IB:close,6.8516,wsd,close
2023-02-17,USDCNY.IB:close,6.8818,wsd,close
2023-02-20,USDCNY.IB:close,6.8555,wsd,close
2023-02-21,USDCNY.IB:close,6.8734,wsd,close
2023-02-22,USDCNY.IB:close,6.8953,wsd,close
2023-02-23,USDCNY.IB:close,6.8918,wsd,close
2023-02-24,USDCNY.IB:close,6.9442,wsd,close
2023-02-27,USDCNY.IB:close,6.9645,wsd,close
2023-02-28,USDCNY.IB:close,6.9392,wsd,close
2023-03-01,USDCNY.IB:close,6.8854,wsd,close
2023-03-02,USDCNY.IB:close,6.9086,wsd,close
2023-03-03,USDCNY.IB:close,6.9002,wsd,close
2023-03-06,USDCNY.IB:close,6.9194,wsd,close
2023-03-07,USDCNY.IB:close,6.9268,wsd,close
2023-03-08,USDCNY.IB:close,6.9706,wsd,close
2023-03-09,USDCNY.IB:close,6.9699,wsd,close
2023-03-10,USDCNY.IB:close,6.9653,wsd,close
2023-03-13,USDCNY.IB:close,6.9005,wsd,close
2023-03-14,USDCNY.IB:close,6.8725,wsd,close
2023-03-15,USDCNY.IB:close,6.899,wsd,close
2023-03-16,USDCNY.IB:close,6.9018,wsd,close
2023-03-17,USDCNY.IB:close,6.8765,wsd,close
2023-03-20,USDCNY.IB:close,6.8931,wsd,close
2023-03-21,USDCNY.IB:close,6.8738,wsd,close
2023-03-22,USDCNY.IB:close,6.8903,wsd,close
2023-03-23,USDCNY.IB:close,6.8289,wsd,close
2023-03-24,USDCNY.IB:close,6.8655,wsd,close
2023-03-27,USDCNY.IB:close,6.882,wsd,close
2023-03-28,USDCNY.IB:close,6.8845,wsd,close
2023-03-29,USDCNY.IB:close,6.8883,wsd,close
2023-03-30,USDCNY.IB:close,6.8781,wsd,close
2023-03-31,USDCNY.IB:close,6.8713,wsd,close
2023-04-03,USDCNY.IB:close,6.8905,wsd,close
2023-04-04,USDCNY.IB:close,6.8802,wsd,close
2023-04-06,USDCNY.IB:close,6.8807,wsd,close
2023-04-07,USDCNY.IB:close,6.8754,wsd,close
2023-04-10,USDCNY.IB:close,6.874,wsd,close
2023-04-11,USDCNY.IB:close,6.8847,wsd,close
2023-04-12,USDCNY.IB:close,6.8832,wsd,close
2023-04-13,USDCNY.IB:close,6.8721,wsd,close
2023-04-14,USDCNY.IB:close,6.8495,wsd,close
2023-04-17,USDCNY.IB:close,6.8717,wsd,close
2023-04-18,USDCNY.IB:close,6.8749,wsd,close
2023-04-19,USDCNY.IB:close,6.8966,wsd,close
2023-04-20,USDCNY.IB:close,6.8796,wsd,close
2023-04-21,USDCNY.IB:close,6.8898,wsd,close
2023-04-24,USDCNY.IB:close,6.8985,wsd,close
2023-04-25,USDCNY.IB:close,6.9163,wsd,close
2023-04-26,USDCNY.IB:close,6.9207,wsd,close
2023-04-27,USDCNY.IB:close,6.9231,wsd,close
2023-04-28,USDCNY.IB:close,6.9284,wsd,close
2023-05-04,USDCNY.IB:close,6.9162,wsd,close
2023-05-05,USDCNY.IB:close,6.9114,wsd,close
2023-05-08,USDCNY.IB:close,6.9166,wsd,close
2023-05-09,USDCNY.IB:close,6.9275,wsd,close
2023-05-10,USDCNY.IB:close,6.9229,wsd,close
2023-05-11,USDCNY.IB:close,6.9396,wsd,close
2023-05-12,USDCNY.IB:close,6.9506,wsd,close
2023-05-15,USDCNY.IB:close,6.9525,wsd,close
2023-05-16,USDCNY.IB:close,6.9641,wsd,close
2023-05-17,USDCNY.IB:close,6.9985,wsd,close
2023-05-18,USDCNY.IB:close,7.0294,wsd,close
2023-05-19,USDCNY.IB:close,7.0235,wsd,close
2023-05-22,USDCNY.IB:close,7.0304,wsd,close
2023-05-23,USDCNY.IB:close,7.0505,wsd,close
2023-05-24,USDCNY.IB:close,7.0418,wsd,close
2023-05-25,USDCNY.IB:close,7.0686,wsd,close
2023-05-26,USDCNY.IB:close,7.0547,wsd,close
2023-05-29,USDCNY.IB:close,7.0787,wsd,close
2023-05-30,USDCNY.IB:close,7.0901,wsd,close
2023-05-31,USDCNY.IB:close,7.1065,wsd,close
2023-06-01,USDCNY.IB:close,7.1179,wsd,close
2023-06-02,USDCNY.IB:close,7.075,wsd,close
2023-06-05,USDCNY.IB:close,7.1185,wsd,close
2023-06-06,USDCNY.IB:close,7.1174,wsd,close
2023-06-07,USDCNY.IB:close,7.126,wsd,close
2023-06-08,USDCNY.IB:close,7.1275,wsd,close
2023-06-09,USDCNY.IB:close,7.1241,wsd,close
2023-06-12,USDCNY.IB:close,7.1426,wsd,close
2023-06-13,USDCNY.IB:close,7.1536,wsd,close
2023-06-14,USDCNY.IB:close,7.1576,wsd,close
2023-06-15,USDCNY.IB:close,7.1555,wsd,close
2023-06-16,USDCNY.IB:close,7.1168,wsd,close
2023-06-19,USDCNY.IB:close,7.1583,wsd,close
2023-06-20,USDCNY.IB:close,7.1744,wsd,close
2023-06-21,USDCNY.IB:close,7.1938,wsd,close
2023-06-26,USDCNY.IB:close,7.2219,wsd,close
2023-06-27,USDCNY.IB:close,7.2101,wsd,close
2023-06-28,USDCNY.IB:close,7.2455,wsd,close
2023-06-29,USDCNY.IB:close,7.2423,wsd,close
2023-06-30,USDCNY.IB:close,7.262,wsd,close
2023-07-03,USDCNY.IB:close,7.2466,wsd,close
2023-07-04,USDCNY.IB:close,7.2161,wsd,close
2023-07-05,USDCNY.IB:close,7.2444,wsd,close
2023-07-06,USDCNY.IB:close,7.2465,wsd,close
2023-07-07,USDCNY.IB:close,7.2336,wsd,close
2023-07-10,USDCNY.IB:close,7.2331,wsd,close
2023-07-11,USDCNY.IB:close,7.1985,wsd,close
2023-07-12,USDCNY.IB:close,7.1899,wsd,close
2023-07-13,USDCNY.IB:close,7.1602,wsd,close
2023-07-14,USDCNY.IB:close,7.1325,wsd,close
2023-07-17,USDCNY.IB:close,7.1702,wsd,close
2023-07-18,USDCNY.IB:close,7.1717,wsd,close
2023-07-19,USDCNY.IB:close,7.2197,wsd,close
2023-07-20,USDCNY.IB:close,7.1811,wsd,close
2023-07-21,USDCNY.IB:close,7.179,wsd,close
2023-07-24,USDCNY.IB:close,7.2031,wsd,close
2023-07-25,USDCNY.IB:close,7.1365,wsd,close
2023-07-26,USDCNY.IB:close,7.1514,wsd,close
2023-07-27,USDCNY.IB:close,7.1404,wsd,close
2023-07-28,USDCNY.IB:close,7.1645,wsd,close
2023-07-31,USDCNY.IB:close,7.1465,wsd,close
2023-08-01,USDCNY.IB:close,7.1663,wsd,close
2023-08-02,USDCNY.IB:close,7.1792,wsd,close
2023-08-03,USDCNY.IB:close,7.1895,wsd,close
2023-08-04,USDCNY.IB:close,7.1802,wsd,close
2023-08-07,USDCNY.IB:close,7.192,wsd,close
2023-08-08,USDCNY.IB:close,7.2133,wsd,close
2023-08-09,USDCNY.IB:close,7.1989,wsd,close
2023-08-10,USDCNY.IB:close,7.2072,wsd,close
2023-08-11,USDCNY.IB:close,7.234,wsd,close
2023-08-14,USDCNY.IB:close,7.2537,wsd,close
2023-08-15,USDCNY.IB:close,7.2868,wsd,close
2023-08-16,USDCNY.IB:close,7.2904,wsd,close
2023-08-17,USDCNY.IB:close,7.3103,wsd,close
2023-08-18,USDCNY.IB:close,7.2896,wsd,close
2023-08-21,USDCNY.IB:close,7.3139,wsd,close
2023-08-22,USDCNY.IB:close,7.2935,wsd,close
2023-08-23,USDCNY.IB:close,7.2923,wsd,close
2023-08-24,USDCNY.IB:close,7.2777,wsd,close
2023-08-25,USDCNY.IB:close,7.2884,wsd,close
2023-08-28,USDCNY.IB:close,7.294,wsd,close
2023-08-29,USDCNY.IB:close,7.2925,wsd,close
2023-08-30,USDCNY.IB:close,7.2925,wsd,close
2023-08-31,USDCNY.IB:close,7.2904,wsd,close
2023-09-01,USDCNY.IB:close,7.2633,wsd,close
2023-09-04,USDCNY.IB:close,7.2714,wsd,close
2023-09-05,USDCNY.IB:close,7.3088,wsd,close
2023-09-06,USDCNY.IB:close,7.3084,wsd,close
2023-09-07,USDCNY.IB:close,7.3279,wsd,close
2023-09-08,USDCNY.IB:close,7.3415,wsd,close
2023-09-11,USDCNY.IB:close,7.2906,wsd,close
2023-09-12,USDCNY.IB:close,7.2835,wsd,close
2023-09-13,USDCNY.IB:close,7.2789,wsd,close
2023-09-14,USDCNY.IB:close,7.2701,wsd,close
2023-09-15,USDCNY.IB:close,7.2691,wsd,close
2023-09-18,USDCNY.IB:close,7.292,wsd,close
2023-09-19,USDCNY.IB:close,7.2943,wsd,close
2023-09-20,USDCNY.IB:close,7.2978,wsd,close
2023-09-21,USDCNY.IB:close,7.3034,wsd,close
2023-09-22,USDCNY.IB:close,7.3002,wsd,close
2023-09-25,USDCNY.IB:close,7.3109,wsd,close
2023-09-26,USDCNY.IB:close,7.3019,wsd,close
2023-09-27,USDCNY.IB:close,7.3088,wsd,close
2023-09-28,USDCNY.IB:close,7.3002,wsd,close
2023-10-09,USDCNY.IB:close,7.2922,wsd,close
2023-10-10,USDCNY.IB:close,7.293,wsd,close
2023-10-11,USDCNY.IB:close,7.298,wsd,close
2023-10-12,USDCNY.IB:close,7.2941,wsd,close
2023-10-13,USDCNY.IB:close,7.304,wsd,close
2023-10-16,USDCNY.IB:close,7.3115,wsd,close
2023-10-17,USDCNY.IB:close,7.3137,wsd,close
2023-10-18,USDCNY.IB:close,7.3099,wsd,close
2023-10-19,USDCNY.IB:close,7.3153,wsd,close
2023-10-20,USDCNY.IB:close,7.315,wsd,close
2023-10-23,USDCNY.IB:close,7.315,wsd,close
2023-10-24,USDCNY.IB:close,7.3075,wsd,close
2023-10-25,USDCNY.IB:close,7.315,wsd,close
2023-10-26,USDCNY.IB:close,7.3182,wsd,close
2023-10-27,USDCNY.IB:close,7.3166,wsd,close
2023-10-30,USDCNY.IB:close,7.318,wsd,close
2023-10-31,USDCNY.IB:close,7.3176,wsd,close
2023-11-01,USDCNY.IB:close,7.3187,wsd,close
2023-11-02,USDCNY.IB:close,7.3186,wsd,close
2023-11-03,USDCNY.IB:close,7.3133,wsd,close
2023-11-06,USDCNY.IB:close,7.2756,wsd,close
2023-11-07,USDCNY.IB:close,7.2851,wsd,close
2023-11-08,USDCNY.IB:close,7.2756,wsd,close
2023-11-09,USDCNY.IB:close,7.285,wsd,close
2023-11-10,USDCNY.IB:close,7.2906,wsd,close
2023-11-13,USDCNY.IB:close,7.2928,wsd,close
2023-11-14,USDCNY.IB:close,7.2933,wsd,close
2023-11-15,USDCNY.IB:close,7.2391,wsd,close
2023-11-16,USDCNY.IB:close,7.2515,wsd,close
2023-11-17,USDCNY.IB:close,7.2465,wsd,close
2023-11-20,USDCNY.IB:close,7.1747,wsd,close
2023-11-21,USDCNY.IB:close,7.1338,wsd,close
2023-11-22,USDCNY.IB:close,7.1477,wsd,close
2023-11-23,USDCNY.IB:close,7.1406,wsd,close
2023-11-24,USDCNY.IB:close,7.1529,wsd,close
2023-11-27,USDCNY.IB:close,7.1485,wsd,close
2023-11-28,USDCNY.IB:close,7.1519,wsd,close
2023-11-29,USDCNY.IB:close,7.1246,wsd,close
2023-11-30,USDCNY.IB:close,7.131,wsd,close
2023-12-01,USDCNY.IB:close,7.14,wsd,close
2023-12-04,USDCNY.IB:close,7.1362,wsd,close
2023-12-05,USDCNY.IB:close,7.142,wsd,close
2023-12-06,USDCNY.IB:close,7.1571,wsd,close
2023-12-07,USDCNY.IB:close,7.1513,wsd,close
2023-12-08,USDCNY.IB:close,7.1607,wsd,close
2023-12-11,USDCNY.IB:close,7.177,wsd,close
2023-12-12,USDCNY.IB:close,7.1744,wsd,close
2023-12-13,USDCNY.IB:close,7.1836,wsd,close
2023-12-14,USDCNY.IB:close,7.1301,wsd,close
2023-12-15,USDCNY.IB:close,7.0987,wsd,close
2023-12-18,USDCNY.IB:close,7.1311,wsd,close
2023-12-19,USDCNY.IB:close,7.1435,wsd,close
2023-12-20,USDCNY.IB:close,7.1336,wsd,close
2023-12-21,USDCNY.IB:close,7.145,wsd,close
2023-12-22,USDCNY.IB:close,7.1393,wsd,close
2023-12-25,USDCNY.IB:close,7.1346,wsd,close
2023-12-26,USDCNY.IB:close,7.1445,wsd,close
2023-12-27,USDCNY.IB:close,7.1437,wsd,close
2023-12-28,USDCNY.IB:close,7.1055,wsd,close
2023-12-29,USDCNY.IB:close,7.092,wsd,close
2024-01-02,USDCNY.IB:close,7.132,wsd,close
2024-01-03,USDCNY.IB:close,7.1434,wsd,close
2024-01-04,USDCNY.IB:close,7.152,wsd,close
2024-01-05,USDCNY.IB:close,7.1566,wsd,close
2024-01-08,USDCNY.IB:close,7.1599,wsd,close
2024-01-09,USDCNY.IB:close,7.159,wsd,close
2024-01-10,USDCNY.IB:close,7.1704,wsd,close
2024-01-11,USDCNY.IB:close,7.1594,wsd,close
2024-01-12,USDCNY.IB:close,7.1622,wsd,close
2024-01-15,USDCNY.IB:close,7.1721,wsd,close
2024-01-16,USDCNY.IB:close,7.1838,wsd,close
2024-01-17,USDCNY.IB:close,7.1966,wsd,close
2024-01-18,USDCNY.IB:close,7.1946,wsd,close
2024-01-19,USDCNY.IB:close,7.1938,wsd,close
2024-01-22,USDCNY.IB:close,7.1968,wsd,close
2024-01-23,USDCNY.IB:close,7.1695,wsd,close
2024-01-24,USDCNY.IB:close,7.1641,wsd,close
2024-01-25,USDCNY.IB:close,7.1679,wsd,close
2024-01-26,USDCNY.IB:close,7.1808,wsd,close
2024-01-29,USDCNY.IB:close,7.1797,wsd,close
2024-01-30,USDCNY.IB:close,7.1773,wsd,close
2024-01-31,USDCNY.IB:close,7.1795,wsd,close
2024-02-01,USDCNY.IB:close,7.1832,wsd,close
2024-02-02,USDCNY.IB:close,7.1793,wsd,close
2024-02-05,USDCNY.IB:close,7.1982,wsd,close
2024-02-06,USDCNY.IB:close,7.1913,wsd,close
2024-02-07,USDCNY.IB:close,7.1931,wsd,close
2024-02-08,USDCNY.IB:close,7.1961,wsd,close
2024-02-19,USDCNY.IB:close,7.1976,wsd,close
2024-02-20,USDCNY.IB:close,7.1976,wsd,close
2024-02-21,USDCNY.IB:close,7.1887,wsd,close
2024-02-22,USDCNY.IB:close,7.1859,wsd,close
2024-02-23,USDCNY.IB:close,7.1984,wsd,close
2024-02-26,USDCNY.IB:close,7.1981,wsd,close
2024-02-27,USDCNY.IB:close,7.1978,wsd,close
2024-02-28,USDCNY.IB:close,7.1986,wsd,close
2024-02-29,USDCNY.IB:close,7.193,wsd,close
2024-03-01,USDCNY.IB:close,7.1985,wsd,close
2024-03-04,USDCNY.IB:close,7.199,wsd,close
2024-03-05,USDCNY.IB:close,7.1991,wsd,close
2024-03-06,USDCNY.IB:close,7.1992,wsd,close
2024-03-07,USDCNY.IB:close,7.1986,wsd,close
2024-03-08,USDCNY.IB:close,7.1918,wsd,close
2024-03-11,USDCNY.IB:close,7.184,wsd,close
2024-03-12,USDCNY.IB:close,7.1743,wsd,close
2024-03-13,USDCNY.IB:close,7.1945,wsd,close
2024-03-14,USDCNY.IB:close,7.1911,wsd,close
2024-03-15,USDCNY.IB:close,7.1965,wsd,close
2024-03-18,USDCNY.IB:close,7.1982,wsd,close
2024-03-19,USDCNY.IB:close,7.1993,wsd,close
2024-03-20,USDCNY.IB:close,7.1993,wsd,close
2024-03-21,USDCNY.IB:close,7.1994,wsd,close
2024-03-22,USDCNY.IB:close,7.2283,wsd,close
2024-03-25,USDCNY.IB:close,7.2084,wsd,close
2024-03-26,USDCNY.IB:close,7.2194,wsd,close
2024-03-27,USDCNY.IB:close,7.2284,wsd,close
2024-03-28,USDCNY.IB:close,7.2277,wsd,close
2024-03-29,USDCNY.IB:close,7.2232,wsd,close
2024-04-01,USDCNY.IB:close,7.2293,wsd,close
2024-04-02,USDCNY.IB:close,7.2354,wsd,close
2024-04-03,USDCNY.IB:close,7.2356,wsd,close
2024-04-08,USDCNY.IB:close,7.2337,wsd,close
2024-04-09,USDCNY.IB:close,7.2338,wsd,close
2024-04-10,USDCNY.IB:close,7.2331,wsd,close
2024-04-11,USDCNY.IB:close,7.2369,wsd,close
2024-04-12,USDCNY.IB:close,7.2375,wsd,close
2024-04-15,USDCNY.IB:close,7.2385,wsd,close
2024-04-16,USDCNY.IB:close,7.2396,wsd,close
2024-04-17,USDCNY.IB:close,7.2349,wsd,close
2024-04-18,USDCNY.IB:close,7.239,wsd,close
2024-04-19,USDCNY.IB:close,7.2401,wsd,close
2024-04-22,USDCNY.IB:close,7.2436,wsd,close
2024-04-23,USDCNY.IB:close,7.2466,wsd,close
2024-04-24,USDCNY.IB:close,7.246,wsd,close
2024-04-25,USDCNY.IB:close,7.2471,wsd,close
2024-04-26,USDCNY.IB:close,7.2463,wsd,close
2024-04-29,USDCNY.IB:close,7.2467,wsd,close
2024-04-30,USDCNY.IB:close,7.2416,wsd,close
2024-05-06,USDCNY.IB:close,7.2137,wsd,close
2024-05-07,USDCNY.IB:close,7.2147,wsd,close
2024-05-08,USDCNY.IB:close,7.2261,wsd,close
2024-05-09,USDCNY.IB:close,7.2258,wsd,close
2024-05-10,USDCNY.IB:close,7.2246,wsd,close
2024-05-13,USDCNY.IB:close,7.2347,wsd,close
2024-05-14,USDCNY.IB:close,7.2377,wsd,close
2024-05-15,USDCNY.IB:close,7.2195,wsd,close
2024-05-16,USDCNY.IB:close,7.2188,wsd,close
2024-05-17,USDCNY.IB:close,7.2242,wsd,close
2024-05-20,USDCNY.IB:close,7.232,wsd,close
2024-05-21,USDCNY.IB:close,7.237,wsd,close
2024-05-22,USDCNY.IB:close,7.2396,wsd,close
2024-05-23,USDCNY.IB:close,7.2446,wsd,close
2024-05-24,USDCNY.IB:close,7.2447,wsd,close
2024-05-27,USDCNY.IB:close,7.2446,wsd,close
2024-05-28,USDCNY.IB:close,7.247,wsd,close
2024-05-29,USDCNY.IB:close,7.2487,wsd,close
2024-05-30,USDCNY.IB:close,7.2455,wsd,close
2024-05-31,USDCNY.IB:close,7.244,wsd,close
2024-06-03,USDCNY.IB:close,7.2461,wsd,close
2024-06-04,USDCNY.IB:close,7.2444,wsd,close
2024-06-05,USDCNY.IB:close,7.2465,wsd,close
2024-06-06,USDCNY.IB:close,7.2473,wsd,close
2024-06-07,USDCNY.IB:close,7.2426,wsd,close
2024-06-11,USDCNY.IB:close,7.2541,wsd,close
2024-06-12,USDCNY.IB:close,7.2537,wsd,close
2024-06-13,USDCNY.IB:close,7.252,wsd,close
2024-06-14,USDCNY.IB:close,7.2557,wsd,close
2024-06-17,USDCNY.IB:close,7.2559,wsd,close
2024-06-18,USDCNY.IB:close,7.2562,wsd,close
2024-06-19,USDCNY.IB:close,7.257,wsd,close
2024-06-20,USDCNY.IB:close,7.2605,wsd,close
2024-06-21,USDCNY.IB:close,7.2613,wsd,close
2024-06-24,USDCNY.IB:close,7.2618,wsd,close
2024-06-25,USDCNY.IB:close,7.2628,wsd,close
2024-06-26,USDCNY.IB:close,7.2666,wsd,close
2024-06-27,USDCNY.IB:close,7.2689,wsd,close
2024-06-28,USDCNY.IB:close,7.2659,wsd,close
2024-07-01,USDCNY.IB:close,7.2684,wsd,close
2024-07-02,USDCNY.IB:close,7.2714,wsd,close
2024-07-03,USDCNY.IB:close,7.2734,wsd,close
2024-07-04,USDCNY.IB:close,7.2698,wsd,close
2024-07-05,USDCNY.IB:close,7.2674,wsd,close
2024-07-08,USDCNY.IB:close,7.2698,wsd,close
2024-07-09,USDCNY.IB:close,7.272,wsd,close
2024-07-10,USDCNY.IB:close,7.2759,wsd,close
2024-07-11,USDCNY.IB:close,7.271,wsd,close
2024-07-12,USDCNY.IB:close,7.2585,wsd,close
2024-07-15,USDCNY.IB:close,7.2627,wsd,close
2024-07-16,USDCNY.IB:close,7.2662,wsd,close
2024-07-17,USDCNY.IB:close,7.2651,wsd,close
2024-07-18,USDCNY.IB:close,7.2572,wsd,close
2024-07-19,USDCNY.IB:close,7.2672,wsd,close
2024-07-22,USDCNY.IB:close,7.2737,wsd,close
2024-07-23,USDCNY.IB:close,7.2741,wsd,close
2024-07-24,USDCNY.IB:close,7.276,wsd,close
2024-07-25,USDCNY.IB:close,7.2203,wsd,close
2024-07-26,USDCNY.IB:close,7.2536,wsd,close
2024-07-29,USDCNY.IB:close,7.2577,wsd,close
2024-07-30,USDCNY.IB:close,7.2472,wsd,close
2024-07-31,USDCNY.IB:close,7.2261,wsd,close
2024-08-01,USDCNY.IB:close,7.2446,wsd,close
2024-08-02,USDCNY.IB:close,7.215,wsd,close
2024-08-05,USDCNY.IB:close,7.1385,wsd,close
2024-08-06,USDCNY.IB:close,7.1469,wsd,close
2024-08-07,USDCNY.IB:close,7.1837,wsd,close
2024-08-08,USDCNY.IB:close,7.1629,wsd,close
2024-08-09,USDCNY.IB:close,7.1746,wsd,close
2024-08-12,USDCNY.IB:close,7.1808,wsd,close
2024-08-13,USDCNY.IB:close,7.1694,wsd,close
2024-08-14,USDCNY.IB:close,7.1484,wsd,close
2024-08-15,USDCNY.IB:close,7.1611,wsd,close
2024-08-16,USDCNY.IB:close,7.168,wsd,close
2024-08-19,USDCNY.IB:close,7.1383,wsd,close
2024-08-20,USDCNY.IB:close,7.1419,wsd,close
2024-08-21,USDCNY.IB:close,7.1339,wsd,close
2024-08-22,USDCNY.IB:close,7.1376,wsd,close
2024-08-23,USDCNY.IB:close,7.1368,wsd,close
2024-08-26,USDCNY.IB:close,7.1188,wsd,close
2024-08-27,USDCNY.IB:close,7.1296,wsd,close
2024-08-28,USDCNY.IB:close,7.126,wsd,close
2024-08-29,USDCNY.IB:close,7.1102,wsd,close
2024-08-30,USDCNY.IB:close,7.0881,wsd,close
2024-09-02,USDCNY.IB:close,7.1115,wsd,close
2024-09-03,USDCNY.IB:close,7.1171,wsd,close
2024-09-04,USDCNY.IB:close,7.1135,wsd,close
2024-09-05,USDCNY.IB:close,7.0995,wsd,close
2024-09-06,USDCNY.IB:close,7.0882,wsd,close
2024-09-09,USDCNY.IB:close,7.1148,wsd,close
2024-09-10,USDCNY.IB:close,7.1235,wsd,close
2024-09-11,USDCNY.IB:close,7.1131,wsd,close
2024-09-12,USDCNY.IB:close,7.1236,wsd,close
2024-09-13,USDCNY.IB:close,7.0943,wsd,close
2024-09-18,USDCNY.IB:close,7.0893,wsd,close
2024-09-19,USDCNY.IB:close,7.066,wsd,close
2024-09-20,USDCNY.IB:close,7.0552,wsd,close
2024-09-23,USDCNY.IB:close,7.0587,wsd,close
2024-09-24,USDCNY.IB:close,7.0385,wsd,close
2024-09-25,USDCNY.IB:close,7.0218,wsd,close
2024-09-26,USDCNY.IB:close,7.02,wsd,close
2024-09-27,USDCNY.IB:close,7.016,wsd,close
2024-09-30,USDCNY.IB:close,7.0156,wsd,close
2024-10-08,USDCNY.IB:close,7.0535,wsd,close
2024-10-09,USDCNY.IB:close,7.0673,wsd,close
2024-10-10,USDCNY.IB:close,7.0787,wsd,close
2024-10-11,USDCNY.IB:close,7.0676,wsd,close
2024-10-14,USDCNY.IB:close,7.0795,wsd,close
2024-10-15,USDCNY.IB:close,7.1147,wsd,close
2024-10-16,USDCNY.IB:close,7.115,wsd,close
2024-10-17,USDCNY.IB:close,7.1233,wsd,close
2024-10-18,USDCNY.IB:close,7.1035,wsd,close
2024-10-21,USDCNY.IB:close,7.1118,wsd,close
2024-10-22,USDCNY.IB:close,7.1212,wsd,close
2024-10-23,USDCNY.IB:close,7.1268,wsd,close
2024-10-24,USDCNY.IB:close,7.1133,wsd,close
2024-10-25,USDCNY.IB:close,7.1219,wsd,close
2024-10-28,USDCNY.IB:close,7.1273,wsd,close
2024-10-29,USDCNY.IB:close,7.1417,wsd,close
2024-10-30,USDCNY.IB:close,7.1222,wsd,close
2024-10-31,USDCNY.IB:close,7.116,wsd,close
2024-11-01,USDCNY.IB:close,7.125,wsd,close
2024-11-04,USDCNY.IB:close,7.0974,wsd,close
2024-11-05,USDCNY.IB:close,7.1095,wsd,close
2024-11-06,USDCNY.IB:close,7.1649,wsd,close
2024-11-07,USDCNY.IB:close,7.1603,wsd,close
2024-11-08,USDCNY.IB:close,7.1648,wsd,close
2024-11-11,USDCNY.IB:close,7.1899,wsd,close
2024-11-12,USDCNY.IB:close,7.2378,wsd,close
2024-11-13,USDCNY.IB:close,7.2252,wsd,close
2024-11-14,USDCNY.IB:close,7.2409,wsd,close
2024-11-15,USDCNY.IB:close,7.231,wsd,close
2024-11-18,USDCNY.IB:close,7.2441,wsd,close
2024-11-19,USDCNY.IB:close,7.2399,wsd,close
2024-11-20,USDCNY.IB:close,7.2422,wsd,close
2024-11-21,USDCNY.IB:close,7.241,wsd,close
2024-11-22,USDCNY.IB:close,7.2452,wsd,close
2024-11-25,USDCNY.IB:close,7.2462,wsd,close
2024-11-26,USDCNY.IB:close,7.2578,wsd,close
2024-11-27,USDCNY.IB:close,7.2487,wsd,close
2024-11-28,USDCNY.IB:close,7.2525,wsd,close
2024-11-29,USDCNY.IB:close,7.2332,wsd,close
2024-12-02,USDCNY.IB:close,7.2706,wsd,close
2024-12-03,USDCNY.IB:close,7.2791,wsd,close
2024-12-04,USDCNY.IB:close,7.2688,wsd,close
2024-12-05,USDCNY.IB:close,7.261,wsd,close
2024-12-06,USDCNY.IB:close,7.2582,wsd,close
2024-12-09,USDCNY.IB:close,7.276,wsd,close
2024-12-10,USDCNY.IB:close,7.2493,wsd,close
2024-12-11,USDCNY.IB:close,7.259,wsd,close
2024-12-12,USDCNY.IB:close,7.263,wsd,close
2024-12-13,USDCNY.IB:close,7.2795,wsd,close
2024-12-16,USDCNY.IB:close,7.2822,wsd,close
2024-12-17,USDCNY.IB:close,7.284,wsd,close
2024-12-18,USDCNY.IB:close,7.2856,wsd,close
2024-12-19,USDCNY.IB:close,7.2992,wsd,close
2024-12-20,USDCNY.IB:close,7.2985,wsd,close
2024-12-23,USDCNY.IB:close,7.2988,wsd,close
2024-12-24,USDCNY.IB:close,7.2987,wsd,close
2024-12-25,USDCNY.IB:close,7.2989,wsd,close
2024-12-26,USDCNY.IB:close,7.2989,wsd,close
2024-12-27,USDCNY.IB:close,7.2992,wsd,close
2024-12-30,USDCNY.IB:close,7.2992,wsd,close
2024-12-31,USDCNY.IB:close,7.2988,wsd,close
2025-01-02,USDCNY.IB:close,7.2994,wsd,close
2025-01-03,USDCNY.IB:close,7.3093,wsd,close
2025-01-06,USDCNY.IB:close,7.3296,wsd,close
2025-01-07,USDCNY.IB:close,7.3275,wsd,close
2025-01-08,USDCNY.IB:close,7.3317,wsd,close
2025-01-09,USDCNY.IB:close,7.332,wsd,close
2025-01-10,USDCNY.IB:close,7.3326,wsd,close
2025-01-13,USDCNY.IB:close,7.3314,wsd,close
2025-01-14,USDCNY.IB:close,7.3303,wsd,close
2025-01-15,USDCNY.IB:close,7.3319,wsd,close
2025-01-16,USDCNY.IB:close,7.3317,wsd,close
2025-01-17,USDCNY.IB:close,7.3284,wsd,close
2025-01-20,USDCNY.IB:close,7.3161,wsd,close
2025-01-21,USDCNY.IB:close,7.2798,wsd,close
2025-01-22,USDCNY.IB:close,7.28,wsd,close
2025-01-23,USDCNY.IB:close,7.2874,wsd,close
2025-01-24,USDCNY.IB:close,7.2412,wsd,close
2025-01-27,USDCNY.IB:close,7.265,wsd,close
2025-02-05,USDCNY.IB:close,7.2724,wsd,close
2025-02-06,USDCNY.IB:close,7.2899,wsd,close
2025-02-07,USDCNY.IB:close,7.2889,wsd,close
2025-02-10,USDCNY.IB:close,7.3077,wsd,close
2025-02-11,USDCNY.IB:close,7.3061,wsd,close
2025-02-12,USDCNY.IB:close,7.3089,wsd,close
2025-02-13,USDCNY.IB:close,7.2927,wsd,close
2025-02-14,USDCNY.IB:close,7.2654,wsd,close
2025-02-17,USDCNY.IB:close,7.2592,wsd,close
2025-02-18,USDCNY.IB:close,7.2783,wsd,close
2025-02-19,USDCNY.IB:close,7.2851,wsd,close
2025-02-20,USDCNY.IB:close,7.2616,wsd,close
2025-02-21,USDCNY.IB:close,7.2554,wsd,close
2025-02-24,USDCNY.IB:close,7.2484,wsd,close
2025-02-25,USDCNY.IB:close,7.2641,wsd,close
2025-02-26,USDCNY.IB:close,7.2547,wsd,close
2025-02-27,USDCNY.IB:close,7.271,wsd,close
2025-02-28,USDCNY.IB:close,7.2838,wsd,close
2025-03-03,USDCNY.IB:close,7.2931,wsd,close
2025-03-04,USDCNY.IB:close,7.2788,wsd,close
2025-03-05,USDCNY.IB:close,7.258,wsd,close
2025-03-06,USDCNY.IB:close,7.2428,wsd,close
2025-03-07,USDCNY.IB:close,7.2382,wsd,close
2025-03-10,USDCNY.IB:close,7.2649,wsd,close
2025-03-11,USDCNY.IB:close,7.2306,wsd,close
2025-03-12,USDCNY.IB:close,7.2445,wsd,close
2025-03-13,USDCNY.IB:close,7.2427,wsd,close
2025-03-14,USDCNY.IB:close,7.2288,wsd,close
2025-03-17,USDCNY.IB:close,7.2388,wsd,close
2025-03-18,USDCNY.IB:close,7.2216,wsd,close
2025-03-19,USDCNY.IB:close,7.2363,wsd,close
2025-03-20,USDCNY.IB:close,7.2383,wsd,close
2025-03-21,USDCNY.IB:close,7.2489,wsd,close
2025-03-24,USDCNY.IB:close,7.252,wsd,close
2025-03-25,USDCNY.IB:close,7.264,wsd,close
2025-03-26,USDCNY.IB:close,7.2635,wsd,close
2025-03-27,USDCNY.IB:close,7.2655,wsd,close
2025-03-28,USDCNY.IB:close,7.2637,wsd,close
2025-03-31,USDCNY.IB:close,7.2516,wsd,close
2025-04-01,USDCNY.IB:close,7.2687,wsd,close
2025-04-02,USDCNY.IB:close,7.2719,wsd,close
2025-04-03,USDCNY.IB:close,7.3043,wsd,close
2025-04-07,USDCNY.IB:close,7.3149,wsd,close
2025-04-08,USDCNY.IB:close,7.3368,wsd,close
2025-04-09,USDCNY.IB:close,7.3498,wsd,close
2025-04-10,USDCNY.IB:close,7.3429,wsd,close
2025-04-11,USDCNY.IB:close,7.3245,wsd,close
2025-04-14,USDCNY.IB:close,7.3021,wsd,close
2025-04-15,USDCNY.IB:close,7.3146,wsd,close
2025-04-16,USDCNY.IB:close,7.3179,wsd,close
2025-04-17,USDCNY.IB:close,7.298,wsd,close
2025-04-18,USDCNY.IB:close,7.3039,wsd,close
2025-04-21,USDCNY.IB:close,7.288,wsd,close
2025-04-22,USDCNY.IB:close,7.3145,wsd,close
2025-04-23,USDCNY.IB:close,7.2955,wsd,close
2025-04-24,USDCNY.IB:close,7.2931,wsd,close
2025-04-25,USDCNY.IB:close,7.2832,wsd,close
2025-04-28,USDCNY.IB:close,7.2995,wsd,close
2025-04-29,USDCNY.IB:close,7.2653,wsd,close
2025-04-30,USDCNY.IB:close,7.2632,wsd,close
2025-05-06,USDCNY.IB:close,7.2169,wsd,close
2025-05-07,USDCNY.IB:close,7.2254,wsd,close
2025-05-08,USDCNY.IB:close,7.2355,wsd,close
2025-05-09,USDCNY.IB:close,7.2461,wsd,close
2025-05-12,USDCNY.IB:close,7.2132,wsd,close
2025-05-13,USDCNY.IB:close,7.2012,wsd,close
2025-05-14,USDCNY.IB:close,7.2083,wsd,close
2025-05-15,USDCNY.IB:close,7.2132,wsd,close
2025-05-16,USDCNY.IB:close,7.2037,wsd,close
2025-05-19,USDCNY.IB:close,7.2125,wsd,close
2025-05-20,USDCNY.IB:close,7.2207,wsd,close
2025-05-21,USDCNY.IB:close,7.2065,wsd,close
2025-05-22,USDCNY.IB:close,7.204,wsd,close
2025-05-23,USDCNY.IB:close,7.1895,wsd,close
2025-05-26,USDCNY.IB:close,7.1843,wsd,close
2025-05-27,USDCNY.IB:close,7.1949,wsd,close
2025-05-28,USDCNY.IB:close,7.1907,wsd,close
2025-05-29,USDCNY.IB:close,7.1916,wsd,close
2025-05-30,USDCNY.IB:close,7.1953,wsd,close
2025-06-03,USDCNY.IB:close,7.1895,wsd,close
2025-06-04,USDCNY.IB:close,7.189,wsd,close
2025-06-05,USDCNY.IB:close,7.1838,wsd,close
2025-06-06,USDCNY.IB:close,7.1847,wsd,close
2025-06-09,USDCNY.IB:close,7.1838,wsd,close
2025-06-10,USDCNY.IB:close,7.1869,wsd,close
2025-06-11,USDCNY.IB:close,7.1858,wsd,close
2025-06-12,USDCNY.IB:close,7.1824,wsd,close
2025-06-13,USDCNY.IB:close,7.1813,wsd,close
2025-06-16,USDCNY.IB:close,7.1802,wsd,close
2025-06-17,USDCNY.IB:close,7.1838,wsd,close
2025-06-18,USDCNY.IB:close,7.1868,wsd,close
2025-06-19,USDCNY.IB:close,7.1882,wsd,close
2025-06-20,USDCNY.IB:close,7.1837,wsd,close
2025-06-23,USDCNY.IB:close,7.1858,wsd,close
2025-06-24,USDCNY.IB:close,7.1781,wsd,close
2025-06-25,USDCNY.IB:close,7.1713,wsd,close
2025-06-26,USDCNY.IB:close,7.1684,wsd,close
2025-06-27,USDCNY.IB:close,7.169,wsd,close
2025-06-30,USDCNY.IB:close,7.1656,wsd,close
2025-07-01,USDCNY.IB:close,7.1618,wsd,close
2025-07-02,USDCNY.IB:close,7.167,wsd,close
2025-07-03,USDCNY.IB:close,7.1611,wsd,close
2025-07-04,USDCNY.IB:close,7.1652,wsd,close
2025-07-07,USDCNY.IB:close,7.1747,wsd,close
2025-07-08,USDCNY.IB:close,7.1732,wsd,close
2025-07-09,USDCNY.IB:close,7.1824,wsd,close
2025-07-10,USDCNY.IB:close,7.1776,wsd,close
2025-07-11,USDCNY.IB:close,7.171,wsd,close
2025-07-14,USDCNY.IB:close,7.1693,wsd,close
2025-07-15,USDCNY.IB:close,7.1734,wsd,close
2025-07-16,USDCNY.IB:close,7.1776,wsd,close
2025-07-17,USDCNY.IB:close,7.1796,wsd,close
2025-07-18,USDCNY.IB:close,7.1766,wsd,close
2025-07-21,USDCNY.IB:close,7.1768,wsd,close
2025-07-22,USDCNY.IB:close,7.1756,wsd,close
2025-07-23,USDCNY.IB:close,7.161,wsd,close
2025-07-24,USDCNY.IB:close,7.1547,wsd,close
2025-07-25,USDCNY.IB:close,7.1679,wsd,close
2025-07-28,USDCNY.IB:close,7.1729,wsd,close
2025-07-29,USDCNY.IB:close,7.1765,wsd,close
2025-07-30,USDCNY.IB:close,7.1823,wsd,close
2025-07-31,USDCNY.IB:close,7.193,wsd,close
2025-08-01,USDCNY.IB:close,7.2106,wsd,close
2025-08-04,USDCNY.IB:close,7.1766,wsd,close
2025-08-05,USDCNY.IB:close,7.1876,wsd,close
2025-08-06,USDCNY.IB:close,7.19,wsd,close
2025-08-07,USDCNY.IB:close,7.1777,wsd,close
2025-08-08,USDCNY.IB:close,7.1826,wsd,close
2025-08-11,USDCNY.IB:close,7.1818,wsd,close
2025-08-12,USDCNY.IB:close,7.1911,wsd,close
2025-08-13,USDCNY.IB:close,7.1755,wsd,close
2025-08-14,USDCNY.IB:close,7.173,wsd,close
2025-08-15,USDCNY.IB:close,7.1823,wsd,close
2025-08-18,USDCNY.IB:close,7.1792,wsd,close
2025-08-19,USDCNY.IB:close,7.182,wsd,close
2025-08-20,USDCNY.IB:close,7.1793,wsd,close
2025-08-21,USDCNY.IB:close,7.1778,wsd,close
2025-08-22,USDCNY.IB:close,7.1805,wsd,close
2025-08-25,USDCNY.IB:close,7.1517,wsd,close
2025-08-26,USDCNY.IB:close,7.1621,wsd,close
2025-08-27,USDCNY.IB:close,7.1622,wsd,close
2025-08-28,USDCNY.IB:close,7.1385,wsd,close
2025-08-29,USDCNY.IB:close,7.133,wsd,close
2025-09-01,USDCNY.IB:close,7.1332,wsd,close
2025-09-02,USDCNY.IB:close,7.1476,wsd,close
2025-09-03,USDCNY.IB:close,7.1468,wsd,close
2025-09-04,USDCNY.IB:close,7.1402,wsd,close
2025-09-05,USDCNY.IB:close,7.1378,wsd,close
2025-09-08,USDCNY.IB:close,7.1321,wsd,close
2025-09-09,USDCNY.IB:close,7.1248,wsd,close
2025-09-10,USDCNY.IB:close,7.1221,wsd,close
2025-09-11,USDCNY.IB:close,7.1235,wsd,close
2025-09-12,USDCNY.IB:close,7.1224,wsd,close
2025-09-15,USDCNY.IB:close,7.1228,wsd,close
2025-09-16,USDCNY.IB:close,7.1163,wsd,close
2025-09-17,USDCNY.IB:close,7.1056,wsd,close
2025-09-18,USDCNY.IB:close,7.1079,wsd,close
2025-09-19,USDCNY.IB:close,7.1125,wsd,close
2025-09-22,USDCNY.IB:close,7.1148,wsd,close
2025-09-23,USDCNY.IB:close,7.1133,wsd,close
2025-09-24,USDCNY.IB:close,7.1219,wsd,close
2025-09-25,USDCNY.IB:close,7.1253,wsd,close
2025-09-26,USDCNY.IB:close,7.1345,wsd,close
2025-09-29,USDCNY.IB:close,7.1204,wsd,close
2025-09-30,USDCNY.IB:close,7.1186,wsd,close
2025-10-09,USDCNY.IB:close,7.1246,wsd,close
2025-10-10,USDCNY.IB:close,7.1232,wsd,close
2025-10-13,USDCNY.IB:close,7.1329,wsd,close
2025-10-14,USDCNY.IB:close,7.1411,wsd,close
2025-10-15,USDCNY.IB:close,7.1238,wsd,close
2025-10-16,USDCNY.IB:close,7.1249,wsd,close
2025-10-17,USDCNY.IB:close,7.1265,wsd,close
2025-10-20,USDCNY.IB:close,7.1231,wsd,close
2025-10-21,USDCNY.IB:close,7.1171,wsd,close
2025-10-22,USDCNY.IB:close,7.1245,wsd,close
2025-10-23,USDCNY.IB:close,7.1221,wsd,close
2025-10-24,USDCNY.IB:close,7.123,wsd,close
2025-10-27,USDCNY.IB:close,7.1109,wsd,close
2025-10-28,USDCNY.IB:close,7.1006,wsd,close
2025-10-29,USDCNY.IB:close,7.0991,wsd,close
2025-10-30,USDCNY.IB:close,7.1107,wsd,close
2025-10-31,USDCNY.IB:close,7.1135,wsd,close
2025-11-03,USDCNY.IB:close,7.1225,wsd,close
2025-11-04,USDCNY.IB:close,7.1233,wsd,close
2025-11-05,USDCNY.IB:close,7.1246,wsd,close
2025-11-06,USDCNY.IB:close,7.1219,wsd,close
2025-11-07,USDCNY.IB:close,7.1225,wsd,close
2025-11-10,USDCNY.IB:close,7.1175,wsd,close
2025-11-11,USDCNY.IB:close,7.1207,wsd,close
2025-11-12,USDCNY.IB:close,7.1172,wsd,close
2025-11-13,USDCNY.IB:close,7.0959,wsd,close
2025-11-14,USDCNY.IB:close,7.1007,wsd,close
2025-11-17,USDCNY.IB:close,7.1048,wsd,close
2025-11-18,USDCNY.IB:close,7.1125,wsd,close
2025-11-19,USDCNY.IB:close,7.1096,wsd,close
2025-11-20,USDCNY.IB:close,7.1167,wsd,close
2025-11-21,USDCNY.IB:close,7.1103,wsd,close
2025-11-24,USDCNY.IB:close,7.1056,wsd,close
2025-11-25,USDCNY.IB:close,7.0938,wsd,close
2025-11-26,USDCNY.IB:close,7.0802,wsd,close
2025-11-27,USDCNY.IB:close,7.0806,wsd,close
2025-11-28,USDCNY.IB:close,7.0794,wsd,close
2025-12-01,USDCNY.IB:close,7.0725,wsd,close
2025-12-02,USDCNY.IB:close,7.0712,wsd,close
2025-12-03,USDCNY.IB:close,7.0661,wsd,close
2025-12-04,USDCNY.IB:close,7.069,wsd,close
2025-12-05,USDCNY.IB:close,7.0706,wsd,close
2025-12-08,USDCNY.IB:close,7.0713,wsd,close
2025-12-09,USDCNY.IB:close,7.0693,wsd,close
2025-12-10,USDCNY.IB:close,7.0638,wsd,close
2025-12-11,USDCNY.IB:close,7.058,wsd,close
2025-12-12,USDCNY.IB:close,7.0554,wsd,close
2025-12-15,USDCNY.IB:close,7.0505,wsd,close
2025-12-16,USDCNY.IB:close,7.0425,wsd,close
2025-12-17,USDCNY.IB:close,7.046,wsd,close
2025-12-18,USDCNY.IB:close,7.0419,wsd,close
2025-12-19,USDCNY.IB:close,7.041,wsd,close
2025-12-22,USDCNY.IB:close,7.041,wsd,close
2025-12-23,USDCNY.IB:close,7.041,wsd,close
2025-12-24,USDCNY.IB:close,7.041,wsd,close
2025-12-25,USDCNY.IB:close,7.041,wsd,close
2025-12-26,USDCNY.IB:close,7.041,wsd,close
2025-12-29,USDCNY.IB:close,7.041,wsd,close
2025-12-30,USDCNY.IB:close,7.041,wsd,close
2025-12-31,USDCNY.IB:close,7.041,wsd,close
2020-01-02,USDCNH.FX:close,6.9595,wsd,close
2020-01-03,USDCNH.FX:close,6.9671,wsd,close
2020-01-06,USDCNH.FX:close,6.9693,wsd,close
2020-01-07,USDCNH.FX:close,6.9425,wsd,close
2020-01-08,USDCNH.FX:close,6.9368,wsd,close
2020-01-09,USDCNH.FX:close,6.9248,wsd,close
2020-01-10,USDCNH.FX:close,6.9138,wsd,close
2020-01-13,USDCNH.FX:close,6.8823,wsd,close
2020-01-14,USDCNH.FX:close,6.8895,wsd,close
2020-01-15,USDCNH.FX:close,6.892,wsd,close
2020-01-16,USDCNH.FX:close,6.8769,wsd,close
2020-01-17,USDCNH.FX:close,6.8669,wsd,close
2020-01-20,USDCNH.FX:close,6.8669,wsd,close
2020-01-21,USDCNH.FX:close,6.9095,wsd,close
2020-01-22,USDCNH.FX:close,6.9098,wsd,close
2020-01-23,USDCNH.FX:close,6.9292,wsd,close
2020-02-03,USDCNH.FX:close,7.0132,wsd,close
2020-02-04,USDCNH.FX:close,6.9911,wsd,close
2020-02-05,USDCNH.FX:close,6.9756,wsd,close
2020-02-06,USDCNH.FX:close,6.9789,wsd,close
2020-02-07,USDCNH.FX:close,7.0068,wsd,close
2020-02-10,USDCNH.FX:close,6.985,wsd,close
2020-02-11,USDCNH.FX:close,6.9708,wsd,close
2020-02-12,USDCNH.FX:close,6.974,wsd,close
2020-02-13,USDCNH.FX:close,6.9894,wsd,close
2020-02-14,USDCNH.FX:close,6.993,wsd,close
2020-02-17,USDCNH.FX:close,6.985,wsd,close
2020-02-18,USDCNH.FX:close,7.0078,wsd,close
2020-02-19,USDCNH.FX:close,7.0132,wsd,close
2020-02-20,USDCNH.FX:close,7.0451,wsd,close
2020-02-21,USDCNH.FX:close,7.0357,wsd,close
2020-02-24,USDCNH.FX:close,7.036,wsd,close
2020-02-25,USDCNH.FX:close,7.0277,wsd,close
2020-02-26,USDCNH.FX:close,7.0221,wsd,close
2020-02-27,USDCNH.FX:close,7.0104,wsd,close
2020-02-28,USDCNH.FX:close,6.9788,wsd,close
2020-03-02,USDCNH.FX:close,6.9626,wsd,close
2020-03-03,USDCNH.FX:close,6.9494,wsd,close
2020-03-04,USDCNH.FX:close,6.9232,wsd,close
2020-03-05,USDCNH.FX:close,6.9412,wsd,close
2020-03-06,USDCNH.FX:close,6.93,wsd,close
2020-03-09,USDCNH.FX:close,6.9524,wsd,close
2020-03-10,USDCNH.FX:close,6.9639,wsd,close
2020-03-11,USDCNH.FX:close,6.969,wsd,close
2020-03-12,USDCNH.FX:close,7.0274,wsd,close
2020-03-13,USDCNH.FX:close,7.0215,wsd,close
2020-03-16,USDCNH.FX:close,7.0121,wsd,close
2020-03-17,USDCNH.FX:close,7.0309,wsd,close
2020-03-18,USDCNH.FX:close,7.075,wsd,close
2020-03-19,USDCNH.FX:close,7.1575,wsd,close
2020-03-20,USDCNH.FX:close,7.1278,wsd,close
2020-03-23,USDCNH.FX:close,7.1198,wsd,close
2020-03-24,USDCNH.FX:close,7.0852,wsd,close
2020-03-25,USDCNH.FX:close,7.1286,wsd,close
2020-03-26,USDCNH.FX:close,7.0811,wsd,close
2020-03-27,USDCNH.FX:close,7.088,wsd,close
2020-03-30,USDCNH.FX:close,7.115,wsd,close
2020-03-31,USDCNH.FX:close,7.0939,wsd,close
2020-04-01,USDCNH.FX:close,7.1228,wsd,close
2020-04-02,USDCNH.FX:close,7.0926,wsd,close
2020-04-03,USDCNH.FX:close,7.1102,wsd,close
2020-04-07,USDCNH.FX:close,7.0672,wsd,close
2020-04-08,USDCNH.FX:close,7.0688,wsd,close
2020-04-09,USDCNH.FX:close,7.0599,wsd,close
2020-04-10,USDCNH.FX:close,7.0445,wsd,close
2020-04-13,USDCNH.FX:close,7.0542,wsd,close
2020-04-14,USDCNH.FX:close,7.0468,wsd,close
2020-04-15,USDCNH.FX:close,7.071,wsd,close
2020-04-16,USDCNH.FX:close,7.0882,wsd,close
2020-04-17,USDCNH.FX:close,7.0785,wsd,close
2020-04-20,USDCNH.FX:close,7.091,wsd,close
2020-04-21,USDCNH.FX:close,7.1035,wsd,close
2020-04-22,USDCNH.FX:close,7.101,wsd,close
2020-04-23,USDCNH.FX:close,7.0942,wsd,close
2020-04-24,USDCNH.FX:close,7.0906,wsd,close
2020-04-27,USDCNH.FX:close,7.0922,wsd,close
2020-04-28,USDCNH.FX:close,7.0887,wsd,close
2020-04-29,USDCNH.FX:close,7.0731,wsd,close
2020-04-30,USDCNH.FX:close,7.0813,wsd,close
2020-05-06,USDCNH.FX:close,7.13,wsd,close
2020-05-07,USDCNH.FX:close,7.0924,wsd,close
2020-05-08,USDCNH.FX:close,7.0941,wsd,close
2020-05-11,USDCNH.FX:close,7.1076,wsd,close
2020-05-12,USDCNH.FX:close,7.1081,wsd,close
2020-05-13,USDCNH.FX:close,7.1114,wsd,close
2020-05-14,USDCNH.FX:close,7.1106,wsd,close
2020-05-15,USDCNH.FX:close,7.1341,wsd,close
2020-05-18,USDCNH.FX:close,7.1192,wsd,close
2020-05-19,USDCNH.FX:close,7.1179,wsd,close
2020-05-20,USDCNH.FX:close,7.1068,wsd,close
2020-05-21,USDCNH.FX:close,7.1336,wsd,close
2020-05-22,USDCNH.FX:close,7.1492,wsd,close
2020-05-25,USDCNH.FX:close,7.1483,wsd,close
2020-05-26,USDCNH.FX:close,7.1463,wsd,close
2020-05-27,USDCNH.FX:close,7.1766,wsd,close
2020-05-28,USDCNH.FX:close,7.1702,wsd,close
2020-05-29,USDCNH.FX:close,7.1337,wsd,close
2020-06-01,USDCNH.FX:close,7.1261,wsd,close
2020-06-02,USDCNH.FX:close,7.1071,wsd,close
2020-06-03,USDCNH.FX:close,7.1186,wsd,close
2020-06-04,USDCNH.FX:close,7.1088,wsd,close
2020-06-05,USDCNH.FX:close,7.0707,wsd,close
2020-06-08,USDCNH.FX:close,7.0569,wsd,close
2020-06-09,USDCNH.FX:close,7.078,wsd,close
2020-06-10,USDCNH.FX:close,7.054,wsd,close
2020-06-11,USDCNH.FX:close,7.0802,wsd,close
2020-06-12,USDCNH.FX:close,7.076,wsd,close
2020-06-15,USDCNH.FX:close,7.073,wsd,close
2020-06-16,USDCNH.FX:close,7.0826,wsd,close
2020-06-17,USDCNH.FX:close,7.0762,wsd,close
2020-06-18,USDCNH.FX:close,7.0824,wsd,close
2020-06-19,USDCNH.FX:close,7.0775,wsd,close
2020-06-22,USDCNH.FX:close,7.0581,wsd,close
2020-06-23,USDCNH.FX:close,7.0606,wsd,close
2020-06-24,USDCNH.FX:close,7.0809,wsd,close
2020-06-29,USDCNH.FX:close,7.077,wsd,close
2020-06-30,USDCNH.FX:close,7.0708,wsd,close
2020-07-01,USDCNH.FX:close,7.0675,wsd,close
2020-07-02,USDCNH.FX:close,7.0674,wsd,close
2020-07-03,USDCNH.FX:close,7.0687,wsd,close
2020-07-06,USDCNH.FX:close,7.0134,wsd,close
2020-07-07,USDCNH.FX:close,7.0229,wsd,close
2020-07-08,USDCNH.FX:close,6.9985,wsd,close
2020-07-09,USDCNH.FX:close,6.9969,wsd,close
2020-07-10,USDCNH.FX:close,7.0111,wsd,close
2020-07-13,USDCNH.FX:close,7.0036,wsd,close
2020-07-14,USDCNH.FX:close,7.0112,wsd,close
2020-07-15,USDCNH.FX:close,6.9823,wsd,close
2020-07-16,USDCNH.FX:close,6.9951,wsd,close
2020-07-17,USDCNH.FX:close,6.9913,wsd,close
2020-07-20,USDCNH.FX:close,6.9874,wsd,close
2020-07-21,USDCNH.FX:close,6.9734,wsd,close
2020-07-22,USDCNH.FX:close,7.018,wsd,close
2020-07-23,USDCNH.FX:close,7.0118,wsd,close
2020-07-24,USDCNH.FX:close,7.016,wsd,close
2020-07-27,USDCNH.FX:close,7.0001,wsd,close
2020-07-28,USDCNH.FX:close,7.0067,wsd,close
2020-07-29,USDCNH.FX:close,6.9975,wsd,close
2020-07-30,USDCNH.FX:close,7.003,wsd,close
2020-07-31,USDCNH.FX:close,6.9903,wsd,close
2020-08-03,USDCNH.FX:close,6.9825,wsd,close
2020-08-04,USDCNH.FX:close,6.9742,wsd,close
2020-08-05,USDCNH.FX:close,6.944,wsd,close
2020-08-06,USDCNH.FX:close,6.9435,wsd,close
2020-08-07,USDCNH.FX:close,6.9674,wsd,close
2020-08-10,USDCNH.FX:close,6.9607,wsd,close
2020-08-11,USDCNH.FX:close,6.9428,wsd,close
2020-08-12,USDCNH.FX:close,6.933,wsd,close
2020-08-13,USDCNH.FX:close,6.949,wsd,close
2020-08-14,USDCNH.FX:close,6.9421,wsd,close
2020-08-17,USDCNH.FX:close,6.9327,wsd,close
2020-08-18,USDCNH.FX:close,6.9061,wsd,close
2020-08-19,USDCNH.FX:close,6.9232,wsd,close
2020-08-20,USDCNH.FX:close,6.9065,wsd,close
2020-08-21,USDCNH.FX:close,6.9212,wsd,close
2020-08-24,USDCNH.FX:close,6.9125,wsd,close
2020-08-25,USDCNH.FX:close,6.9043,wsd,close
2020-08-26,USDCNH.FX:close,6.8805,wsd,close
2020-08-27,USDCNH.FX:close,6.8884,wsd,close
2020-08-28,USDCNH.FX:close,6.8595,wsd,close
2020-08-31,USDCNH.FX:close,6.8479,wsd,close
2020-09-01,USDCNH.FX:close,6.8369,wsd,close
2020-09-02,USDCNH.FX:close,6.8333,wsd,close
2020-09-03,USDCNH.FX:close,6.8477,wsd,close
2020-09-04,USDCNH.FX:close,6.836,wsd,close
2020-09-07,USDCNH.FX:close,6.8329,wsd,close
2020-09-08,USDCNH.FX:close,6.8537,wsd,close
2020-09-09,USDCNH.FX:close,6.832,wsd,close
2020-09-10,USDCNH.FX:close,6.8451,wsd,close
2020-09-11,USDCNH.FX:close,6.8325,wsd,close
2020-09-14,USDCNH.FX:close,6.8085,wsd,close
2020-09-15,USDCNH.FX:close,6.7803,wsd,close
2020-09-16,USDCNH.FX:close,6.7454,wsd,close
2020-09-17,USDCNH.FX:close,6.754,wsd,close
2020-09-18,USDCNH.FX:close,6.7792,wsd,close
2020-09-21,USDCNH.FX:close,6.7928,wsd,close
2020-09-22,USDCNH.FX:close,6.7843,wsd,close
2020-09-23,USDCNH.FX:close,6.8258,wsd,close
2020-09-24,USDCNH.FX:close,6.8269,wsd,close
2020-09-25,USDCNH.FX:close,6.8234,wsd,close
2020-09-28,USDCNH.FX:close,6.8111,wsd,close
2020-09-29,USDCNH.FX:close,6.8163,wsd,close
2020-09-30,USDCNH.FX:close,6.7845,wsd,close
2020-10-09,USDCNH.FX:close,6.6907,wsd,close
2020-10-12,USDCNH.FX:close,6.743,wsd,close
2020-10-13,USDCNH.FX:close,6.7392,wsd,close
2020-10-14,USDCNH.FX:close,6.7133,wsd,close
2020-10-15,USDCNH.FX:close,6.7127,wsd,close
2020-10-16,USDCNH.FX:close,6.6965,wsd,close
2020-10-19,USDCNH.FX:close,6.6791,wsd,close
2020-10-20,USDCNH.FX:close,6.6641,wsd,close
2020-10-21,USDCNH.FX:close,6.6427,wsd,close
2020-10-22,USDCNH.FX:close,6.6711,wsd,close
2020-10-23,USDCNH.FX:close,6.6668,wsd,close
2020-10-26,USDCNH.FX:close,6.7005,wsd,close
2020-10-27,USDCNH.FX:close,6.7139,wsd,close
2020-10-28,USDCNH.FX:close,6.7284,wsd,close
2020-10-29,USDCNH.FX:close,6.7089,wsd,close
2020-10-30,USDCNH.FX:close,6.6964,wsd,close
2020-11-02,USDCNH.FX:close,6.6879,wsd,close
2020-11-03,USDCNH.FX:close,6.6803,wsd,close
2020-11-04,USDCNH.FX:close,6.6214,wsd,close
2020-11-05,USDCNH.FX:close,6.6066,wsd,close
2020-11-06,USDCNH.FX:close,6.5926,wsd,close
2020-11-09,USDCNH.FX:close,6.6159,wsd,close
2020-11-10,USDCNH.FX:close,6.599,wsd,close
2020-11-11,USDCNH.FX:close,6.6185,wsd,close
2020-11-12,USDCNH.FX:close,6.6173,wsd,close
2020-11-13,USDCNH.FX:close,6.5939,wsd,close
2020-11-16,USDCNH.FX:close,6.5718,wsd,close
2020-11-17,USDCNH.FX:close,6.5477,wsd,close
2020-11-18,USDCNH.FX:close,6.5626,wsd,close
2020-11-19,USDCNH.FX:close,6.5754,wsd,close
2020-11-20,USDCNH.FX:close,6.5515,wsd,close
2020-11-23,USDCNH.FX:close,6.5823,wsd,close
2020-11-24,USDCNH.FX:close,6.5752,wsd,close
2020-11-25,USDCNH.FX:close,6.5631,wsd,close
2020-11-26,USDCNH.FX:close,6.5697,wsd,close
2020-11-27,USDCNH.FX:close,6.5753,wsd,close
2020-11-30,USDCNH.FX:close,6.5846,wsd,close
2020-12-01,USDCNH.FX:close,6.5516,wsd,close
2020-12-02,USDCNH.FX:close,6.5425,wsd,close
2020-12-03,USDCNH.FX:close,6.5358,wsd,close
2020-12-04,USDCNH.FX:close,6.5169,wsd,close
2020-12-07,USDCNH.FX:close,6.5194,wsd,close
2020-12-08,USDCNH.FX:close,6.5204,wsd,close
2020-12-09,USDCNH.FX:close,6.5286,wsd,close
2020-12-10,USDCNH.FX:close,6.5356,wsd,close
2020-12-11,USDCNH.FX:close,6.5396,wsd,close
2020-12-14,USDCNH.FX:close,6.5291,wsd,close
2020-12-15,USDCNH.FX:close,6.5169,wsd,close
2020-12-16,USDCNH.FX:close,6.5127,wsd,close
2020-12-17,USDCNH.FX:close,6.5164,wsd,close
2020-12-18,USDCNH.FX:close,6.5189,wsd,close
2020-12-21,USDCNH.FX:close,6.5352,wsd,close
2020-12-22,USDCNH.FX:close,6.54,wsd,close
2020-12-23,USDCNH.FX:close,6.5328,wsd,close
2020-12-24,USDCNH.FX:close,6.5189,wsd,close
2020-12-25,USDCNH.FX:close,6.5196,wsd,close
2020-12-28,USDCNH.FX:close,6.532,wsd,close
2020-12-29,USDCNH.FX:close,6.5177,wsd,close
2020-12-30,USDCNH.FX:close,6.506,wsd,close
2020-12-31,USDCNH.FX:close,6.503,wsd,close
2021-01-04,USDCNH.FX:close,6.4549,wsd,close
2021-01-05,USDCNH.FX:close,6.437,wsd,close
2021-01-06,USDCNH.FX:close,6.4496,wsd,close
2021-01-07,USDCNH.FX:close,6.4715,wsd,close
2021-01-08,USDCNH.FX:close,6.4649,wsd,close
2021-01-11,USDCNH.FX:close,6.4793,wsd,close
2021-01-12,USDCNH.FX:close,6.4425,wsd,close
2021-01-13,USDCNH.FX:close,6.467,wsd,close
2021-01-14,USDCNH.FX:close,6.4649,wsd,close
2021-01-15,USDCNH.FX:close,6.4845,wsd,close
2021-01-18,USDCNH.FX:close,6.4954,wsd,close
2021-01-19,USDCNH.FX:close,6.4813,wsd,close
2021-01-20,USDCNH.FX:close,6.4624,wsd,close
2021-01-21,USDCNH.FX:close,6.465,wsd,close
2021-01-22,USDCNH.FX:close,6.4974,wsd,close
2021-01-25,USDCNH.FX:close,6.4878,wsd,close
2021-01-26,USDCNH.FX:close,6.4727,wsd,close
2021-01-27,USDCNH.FX:close,6.4973,wsd,close
2021-01-28,USDCNH.FX:close,6.4752,wsd,close
2021-01-29,USDCNH.FX:close,6.4489,wsd,close
2021-02-01,USDCNH.FX:close,6.4754,wsd,close
2021-02-02,USDCNH.FX:close,6.4577,wsd,close
2021-02-03,USDCNH.FX:close,6.4581,wsd,close
2021-02-04,USDCNH.FX:close,6.4729,wsd,close
2021-02-05,USDCNH.FX:close,6.4589,wsd,close
2021-02-08,USDCNH.FX:close,6.4418,wsd,close
2021-02-09,USDCNH.FX:close,6.4198,wsd,close
2021-02-10,USDCNH.FX:close,6.4288,wsd,close
2021-02-18,USDCNH.FX:close,6.4601,wsd,close
2021-02-19,USDCNH.FX:close,6.4594,wsd,close
2021-02-22,USDCNH.FX:close,6.4664,wsd,close
2021-02-23,USDCNH.FX:close,6.4605,wsd,close
2021-02-24,USDCNH.FX:close,6.4477,wsd,close
2021-02-25,USDCNH.FX:close,6.4896,wsd,close
2021-02-26,USDCNH.FX:close,6.4813,wsd,close
2021-03-01,USDCNH.FX:close,6.4696,wsd,close
2021-03-02,USDCNH.FX:close,6.4749,wsd,close
2021-03-03,USDCNH.FX:close,6.4772,wsd,close
2021-03-04,USDCNH.FX:close,6.4916,wsd,close
2021-03-05,USDCNH.FX:close,6.5171,wsd,close
2021-03-08,USDCNH.FX:close,6.5516,wsd,close
2021-03-09,USDCNH.FX:close,6.5193,wsd,close
2021-03-10,USDCNH.FX:close,6.4948,wsd,close
2021-03-11,USDCNH.FX:close,6.4786,wsd,close
2021-03-12,USDCNH.FX:close,6.4972,wsd,close
2021-03-15,USDCNH.FX:close,6.4979,wsd,close
2021-03-16,USDCNH.FX:close,6.5012,wsd,close
2021-03-17,USDCNH.FX:close,6.4862,wsd,close
2021-03-18,USDCNH.FX:close,6.5071,wsd,close
2021-03-19,USDCNH.FX:close,6.5076,wsd,close
2021-03-22,USDCNH.FX:close,6.5074,wsd,close
2021-03-23,USDCNH.FX:close,6.5199,wsd,close
2021-03-24,USDCNH.FX:close,6.5293,wsd,close
2021-03-25,USDCNH.FX:close,6.5483,wsd,close
2021-03-26,USDCNH.FX:close,6.5394,wsd,close
2021-03-29,USDCNH.FX:close,6.575,wsd,close
2021-03-30,USDCNH.FX:close,6.5724,wsd,close
2021-03-31,USDCNH.FX:close,6.5649,wsd,close
2021-04-01,USDCNH.FX:close,6.5753,wsd,close
2021-04-02,USDCNH.FX:close,6.5766,wsd,close
2021-04-06,USDCNH.FX:close,6.5427,wsd,close
2021-04-07,USDCNH.FX:close,6.5489,wsd,close
2021-04-08,USDCNH.FX:close,6.5566,wsd,close
2021-04-09,USDCNH.FX:close,6.5586,wsd,close
2021-04-12,USDCNH.FX:close,6.548,wsd,close
2021-04-13,USDCNH.FX:close,6.5438,wsd,close
2021-04-14,USDCNH.FX:close,6.532,wsd,close
2021-04-15,USDCNH.FX:close,6.527,wsd,close
2021-04-16,USDCNH.FX:close,6.527,wsd,close
2021-04-19,USDCNH.FX:close,6.5091,wsd,close
2021-04-20,USDCNH.FX:close,6.5006,wsd,close
2021-04-21,USDCNH.FX:close,6.4899,wsd,close
2021-04-22,USDCNH.FX:close,6.4947,wsd,close
2021-04-23,USDCNH.FX:close,6.4897,wsd,close
2021-04-26,USDCNH.FX:close,6.4725,wsd,close
2021-04-27,USDCNH.FX:close,6.4802,wsd,close
2021-04-28,USDCNH.FX:close,6.476,wsd,close
2021-04-29,USDCNH.FX:close,6.4642,wsd,close
2021-04-30,USDCNH.FX:close,6.4742,wsd,close
2021-05-06,USDCNH.FX:close,6.4645,wsd,close
2021-05-07,USDCNH.FX:close,6.4159,wsd,close
2021-05-10,USDCNH.FX:close,6.4227,wsd,close
2021-05-11,USDCNH.FX:close,6.4286,wsd,close
2021-05-12,USDCNH.FX:close,6.459,wsd,close
2021-05-13,USDCNH.FX:close,6.4484,wsd,close
2021-05-14,USDCNH.FX:close,6.4399,wsd,close
2021-05-17,USDCNH.FX:close,6.4428,wsd,close
2021-05-18,USDCNH.FX:close,6.4233,wsd,close
2021-05-19,USDCNH.FX:close,6.4396,wsd,close
2021-05-20,USDCNH.FX:close,6.4317,wsd,close
2021-05-21,USDCNH.FX:close,6.4354,wsd,close
2021-05-24,USDCNH.FX:close,6.4097,wsd,close
2021-05-25,USDCNH.FX:close,6.4121,wsd,close
2021-05-26,USDCNH.FX:close,6.3802,wsd,close
2021-05-27,USDCNH.FX:close,6.3715,wsd,close
2021-05-28,USDCNH.FX:close,6.3598,wsd,close
2021-05-31,USDCNH.FX:close,6.3726,wsd,close
2021-06-01,USDCNH.FX:close,6.3844,wsd,close
2021-06-02,USDCNH.FX:close,6.3838,wsd,close
2021-06-03,USDCNH.FX:close,6.3997,wsd,close
2021-06-04,USDCNH.FX:close,6.3902,wsd,close
2021-06-07,USDCNH.FX:close,6.3868,wsd,close
2021-06-08,USDCNH.FX:close,6.4003,wsd,close
2021-06-09,USDCNH.FX:close,6.3869,wsd,close
2021-06-10,USDCNH.FX:close,6.3864,wsd,close
2021-06-11,USDCNH.FX:close,6.3963,wsd,close
2021-06-15,USDCNH.FX:close,6.4056,wsd,close
2021-06-16,USDCNH.FX:close,6.4397,wsd,close
2021-06-17,USDCNH.FX:close,6.4572,wsd,close
2021-06-18,USDCNH.FX:close,6.4633,wsd,close
2021-06-21,USDCNH.FX:close,6.4652,wsd,close
2021-06-22,USDCNH.FX:close,6.4804,wsd,close
2021-06-23,USDCNH.FX:close,6.4787,wsd,close
2021-06-24,USDCNH.FX:close,6.4708,wsd,close
2021-06-25,USDCNH.FX:close,6.4615,wsd,close
2021-06-28,USDCNH.FX:close,6.4605,wsd,close
2021-06-29,USDCNH.FX:close,6.4653,wsd,close
2021-06-30,USDCNH.FX:close,6.4679,wsd,close
2021-07-01,USDCNH.FX:close,6.4729,wsd,close
2021-07-02,USDCNH.FX:close,6.4718,wsd,close
2021-07-05,USDCNH.FX:close,6.4624,wsd,close
2021-07-06,USDCNH.FX:close,6.4784,wsd,close
2021-07-07,USDCNH.FX:close,6.4746,wsd,close
2021-07-08,USDCNH.FX:close,6.4925,wsd,close
2021-07-09,USDCNH.FX:close,6.4788,wsd,close
2021-07-12,USDCNH.FX:close,6.4756,wsd,close
2021-07-13,USDCNH.FX:close,6.4802,wsd,close
2021-07-14,USDCNH.FX:close,6.4586,wsd,close
2021-07-15,USDCNH.FX:close,6.4611,wsd,close
2021-07-16,USDCNH.FX:close,6.4768,wsd,close
2021-07-19,USDCNH.FX:close,6.4936,wsd,close
2021-07-20,USDCNH.FX:close,6.4882,wsd,close
2021-07-21,USDCNH.FX:close,6.4643,wsd,close
2021-07-22,USDCNH.FX:close,6.476,wsd,close
2021-07-23,USDCNH.FX:close,6.476,wsd,close
2021-07-26,USDCNH.FX:close,6.4836,wsd,close
2021-07-27,USDCNH.FX:close,6.5281,wsd,close
2021-07-28,USDCNH.FX:close,6.4857,wsd,close
2021-07-29,USDCNH.FX:close,6.4572,wsd,close
2021-07-30,USDCNH.FX:close,6.4627,wsd,close
2021-08-02,USDCNH.FX:close,6.4644,wsd,close
2021-08-03,USDCNH.FX:close,6.4664,wsd,close
2021-08-04,USDCNH.FX:close,6.4624,wsd,close
2021-08-05,USDCNH.FX:close,6.4625,wsd,close
2021-08-06,USDCNH.FX:close,6.4784,wsd,close
2021-08-09,USDCNH.FX:close,6.4873,wsd,close
2021-08-10,USDCNH.FX:close,6.4882,wsd,close
2021-08-11,USDCNH.FX:close,6.4761,wsd,close
2021-08-12,USDCNH.FX:close,6.4772,wsd,close
2021-08-13,USDCNH.FX:close,6.4772,wsd,close
2021-08-16,USDCNH.FX:close,6.4766,wsd,close
2021-08-17,USDCNH.FX:close,6.4916,wsd,close
2021-08-18,USDCNH.FX:close,6.485,wsd,close
2021-08-19,USDCNH.FX:close,6.5016,wsd,close
2021-08-20,USDCNH.FX:close,6.4996,wsd,close
2021-08-23,USDCNH.FX:close,6.4764,wsd,close
2021-08-24,USDCNH.FX:close,6.4694,wsd,close
2021-08-25,USDCNH.FX:close,6.4703,wsd,close
2021-08-26,USDCNH.FX:close,6.484,wsd,close
2021-08-27,USDCNH.FX:close,6.4627,wsd,close
2021-08-30,USDCNH.FX:close,6.4654,wsd,close
2021-08-31,USDCNH.FX:close,6.4544,wsd,close
2021-09-01,USDCNH.FX:close,6.4516,wsd,close
2021-09-02,USDCNH.FX:close,6.4483,wsd,close
2021-09-03,USDCNH.FX:close,6.4388,wsd,close
2021-09-06,USDCNH.FX:close,6.451,wsd,close
2021-09-07,USDCNH.FX:close,6.4615,wsd,close
2021-09-08,USDCNH.FX:close,6.458,wsd,close
2021-09-09,USDCNH.FX:close,6.4509,wsd,close
2021-09-10,USDCNH.FX:close,6.445,wsd,close
2021-09-13,USDCNH.FX:close,6.4419,wsd,close
2021-09-14,USDCNH.FX:close,6.4348,wsd,close
2021-09-15,USDCNH.FX:close,6.4274,wsd,close
2021-09-16,USDCNH.FX:close,6.4543,wsd,close
2021-09-17,USDCNH.FX:close,6.4725,wsd,close
2021-09-22,USDCNH.FX:close,6.4668,wsd,close
2021-09-23,USDCNH.FX:close,6.4624,wsd,close
2021-09-24,USDCNH.FX:close,6.4615,wsd,close
2021-09-27,USDCNH.FX:close,6.4591,wsd,close
2021-09-28,USDCNH.FX:close,6.4664,wsd,close
2021-09-29,USDCNH.FX:close,6.4772,wsd,close
2021-09-30,USDCNH.FX:close,6.4491,wsd,close
2021-10-08,USDCNH.FX:close,6.4456,wsd,close
2021-10-11,USDCNH.FX:close,6.4593,wsd,close
2021-10-12,USDCNH.FX:close,6.4557,wsd,close
2021-10-13,USDCNH.FX:close,6.4284,wsd,close
2021-10-14,USDCNH.FX:close,6.4358,wsd,close
2021-10-15,USDCNH.FX:close,6.4345,wsd,close
2021-10-18,USDCNH.FX:close,6.4284,wsd,close
2021-10-19,USDCNH.FX:close,6.3765,wsd,close
2021-10-20,USDCNH.FX:close,6.3949,wsd,close
2021-10-21,USDCNH.FX:close,6.3945,wsd,close
2021-10-22,USDCNH.FX:close,6.3839,wsd,close
2021-10-25,USDCNH.FX:close,6.3843,wsd,close
2021-10-26,USDCNH.FX:close,6.3783,wsd,close
2021-10-27,USDCNH.FX:close,6.3937,wsd,close
2021-10-28,USDCNH.FX:close,6.3888,wsd,close
2021-10-29,USDCNH.FX:close,6.4057,wsd,close
2021-11-01,USDCNH.FX:close,6.3944,wsd,close
2021-11-02,USDCNH.FX:close,6.4028,wsd,close
2021-11-03,USDCNH.FX:close,6.3949,wsd,close
2021-11-04,USDCNH.FX:close,6.3973,wsd,close
2021-11-05,USDCNH.FX:close,6.3944,wsd,close
2021-11-08,USDCNH.FX:close,6.3891,wsd,close
2021-11-09,USDCNH.FX:close,6.3898,wsd,close
2021-11-10,USDCNH.FX:close,6.3992,wsd,close
2021-11-11,USDCNH.FX:close,6.3915,wsd,close
2021-11-12,USDCNH.FX:close,6.3796,wsd,close
2021-11-15,USDCNH.FX:close,6.383,wsd,close
2021-11-16,USDCNH.FX:close,6.3909,wsd,close
2021-11-17,USDCNH.FX:close,6.3746,wsd,close
2021-11-18,USDCNH.FX:close,6.3811,wsd,close
2021-11-19,USDCNH.FX:close,6.391,wsd,close
2021-11-22,USDCNH.FX:close,6.3902,wsd,close
2021-11-23,USDCNH.FX:close,6.3907,wsd,close
2021-11-24,USDCNH.FX:close,6.3957,wsd,close
2021-11-25,USDCNH.FX:close,6.3877,wsd,close
2021-11-26,USDCNH.FX:close,6.3972,wsd,close
2021-11-29,USDCNH.FX:close,6.3861,wsd,close
2021-11-30,USDCNH.FX:close,6.3648,wsd,close
2021-12-01,USDCNH.FX:close,6.3732,wsd,close
2021-12-02,USDCNH.FX:close,6.3726,wsd,close
2021-12-03,USDCNH.FX:close,6.3733,wsd,close
2021-12-06,USDCNH.FX:close,6.375,wsd,close
2021-12-07,USDCNH.FX:close,6.3637,wsd,close
2021-12-08,USDCNH.FX:close,6.3458,wsd,close
2021-12-09,USDCNH.FX:close,6.378,wsd,close
2021-12-10,USDCNH.FX:close,6.3765,wsd,close
2021-12-13,USDCNH.FX:close,6.3755,wsd,close
2021-12-14,USDCNH.FX:close,6.374,wsd,close
2021-12-15,USDCNH.FX:close,6.3754,wsd,close
2021-12-16,USDCNH.FX:close,6.3807,wsd,close
2021-12-17,USDCNH.FX:close,6.3886,wsd,close
2021-12-20,USDCNH.FX:close,6.3835,wsd,close
2021-12-21,USDCNH.FX:close,6.3763,wsd,close
2021-12-22,USDCNH.FX:close,6.3764,wsd,close
2021-12-23,USDCNH.FX:close,6.3755,wsd,close
2021-12-24,USDCNH.FX:close,6.374,wsd,close
2021-12-27,USDCNH.FX:close,6.3753,wsd,close
2021-12-28,USDCNH.FX:close,6.3748,wsd,close
2021-12-29,USDCNH.FX:close,6.3702,wsd,close
2021-12-30,USDCNH.FX:close,6.3756,wsd,close
2021-12-31,USDCNH.FX:close,6.3644,wsd,close
2022-01-04,USDCNH.FX:close,6.3752,wsd,close
2022-01-05,USDCNH.FX:close,6.3754,wsd,close
2022-01-06,USDCNH.FX:close,6.3944,wsd,close
2022-01-07,USDCNH.FX:close,6.3829,wsd,close
2022-01-10,USDCNH.FX:close,6.3814,wsd,close
2022-01-11,USDCNH.FX:close,6.3772,wsd,close
2022-01-12,USDCNH.FX:close,6.3618,wsd,close
2022-01-13,USDCNH.FX:close,6.3645,wsd,close
2022-01-14,USDCNH.FX:close,6.358,wsd,close
2022-01-17,USDCNH.FX:close,6.3512,wsd,close
2022-01-18,USDCNH.FX:close,6.36,wsd,close
2022-01-19,USDCNH.FX:close,6.3511,wsd,close
2022-01-20,USDCNH.FX:close,6.3478,wsd,close
2022-01-21,USDCNH.FX:close,6.3416,wsd,close
2022-01-24,USDCNH.FX:close,6.3335,wsd,close
2022-01-25,USDCNH.FX:close,6.3311,wsd,close
2022-01-26,USDCNH.FX:close,6.3351,wsd,close
2022-01-27,USDCNH.FX:close,6.3685,wsd,close
2022-01-28,USDCNH.FX:close,6.371,wsd,close
2022-02-07,USDCNH.FX:close,6.3616,wsd,close
2022-02-08,USDCNH.FX:close,6.3664,wsd,close
2022-02-09,USDCNH.FX:close,6.3624,wsd,close
2022-02-10,USDCNH.FX:close,6.3637,wsd,close
2022-02-11,USDCNH.FX:close,6.3676,wsd,close
2022-02-14,USDCNH.FX:close,6.357,wsd,close
2022-02-15,USDCNH.FX:close,6.3381,wsd,close
2022-02-16,USDCNH.FX:close,6.3326,wsd,close
2022-02-17,USDCNH.FX:close,6.3341,wsd,close
2022-02-18,USDCNH.FX:close,6.3252,wsd,close
2022-02-21,USDCNH.FX:close,6.3262,wsd,close
2022-02-22,USDCNH.FX:close,6.324,wsd,close
2022-02-23,USDCNH.FX:close,6.3125,wsd,close
2022-02-24,USDCNH.FX:close,6.3214,wsd,close
2022-02-25,USDCNH.FX:close,6.3109,wsd,close
2022-02-28,USDCNH.FX:close,6.3134,wsd,close
2022-03-01,USDCNH.FX:close,6.3181,wsd,close
2022-03-02,USDCNH.FX:close,6.3246,wsd,close
2022-03-03,USDCNH.FX:close,6.3226,wsd,close
2022-03-04,USDCNH.FX:close,6.3267,wsd,close
2022-03-07,USDCNH.FX:close,6.3257,wsd,close
2022-03-08,USDCNH.FX:close,6.3253,wsd,close
2022-03-09,USDCNH.FX:close,6.3232,wsd,close
2022-03-10,USDCNH.FX:close,6.3283,wsd,close
2022-03-11,USDCNH.FX:close,6.3588,wsd,close
2022-03-14,USDCNH.FX:close,6.3945,wsd,close
2022-03-15,USDCNH.FX:close,6.3816,wsd,close
2022-03-16,USDCNH.FX:close,6.368,wsd,close
2022-03-17,USDCNH.FX:close,6.3645,wsd,close
2022-03-18,USDCNH.FX:close,6.3671,wsd,close
2022-03-21,USDCNH.FX:close,6.371,wsd,close
2022-03-22,USDCNH.FX:close,6.3764,wsd,close
2022-03-23,USDCNH.FX:close,6.3892,wsd,close
2022-03-24,USDCNH.FX:close,6.3832,wsd,close
2022-03-25,USDCNH.FX:close,6.3837,wsd,close
2022-03-28,USDCNH.FX:close,6.3864,wsd,close
2022-03-29,USDCNH.FX:close,6.3741,wsd,close
2022-03-30,USDCNH.FX:close,6.3597,wsd,close
2022-03-31,USDCNH.FX:close,6.3548,wsd,close
2022-04-01,USDCNH.FX:close,6.3678,wsd,close
2022-04-06,USDCNH.FX:close,6.3591,wsd,close
2022-04-07,USDCNH.FX:close,6.3637,wsd,close
2022-04-08,USDCNH.FX:close,6.3689,wsd,close
2022-04-11,USDCNH.FX:close,6.3885,wsd,close
2022-04-12,USDCNH.FX:close,6.3767,wsd,close
2022-04-13,USDCNH.FX:close,6.3775,wsd,close
2022-04-14,USDCNH.FX:close,6.3893,wsd,close
2022-04-15,USDCNH.FX:close,6.3816,wsd,close
2022-04-18,USDCNH.FX:close,6.3789,wsd,close
2022-04-19,USDCNH.FX:close,6.4184,wsd,close
2022-04-20,USDCNH.FX:close,6.445,wsd,close
2022-04-21,USDCNH.FX:close,6.4803,wsd,close
2022-04-22,USDCNH.FX:close,6.5274,wsd,close
2022-04-25,USDCNH.FX:close,6.5716,wsd,close
2022-04-26,USDCNH.FX:close,6.5898,wsd,close
2022-04-27,USDCNH.FX:close,6.5871,wsd,close
2022-04-28,USDCNH.FX:close,6.6594,wsd,close
2022-04-29,USDCNH.FX:close,6.6414,wsd,close
2022-05-05,USDCNH.FX:close,6.6817,wsd,close
2022-05-06,USDCNH.FX:close,6.7183,wsd,close
2022-05-09,USDCNH.FX:close,6.7576,wsd,close
2022-05-10,USDCNH.FX:close,6.7484,wsd,close
2022-05-11,USDCNH.FX:close,6.764,wsd,close
2022-05-12,USDCNH.FX:close,6.8275,wsd,close
2022-05-13,USDCNH.FX:close,6.7993,wsd,close
2022-05-16,USDCNH.FX:close,6.7992,wsd,close
2022-05-17,USDCNH.FX:close,6.7398,wsd,close
2022-05-18,USDCNH.FX:close,6.7837,wsd,close
2022-05-19,USDCNH.FX:close,6.7287,wsd,close
2022-05-20,USDCNH.FX:close,6.7,wsd,close
2022-05-23,USDCNH.FX:close,6.6619,wsd,close
2022-05-24,USDCNH.FX:close,6.6574,wsd,close
2022-05-25,USDCNH.FX:close,6.7133,wsd,close
2022-05-26,USDCNH.FX:close,6.7673,wsd,close
2022-05-27,USDCNH.FX:close,6.7204,wsd,close
2022-05-30,USDCNH.FX:close,6.6714,wsd,close
2022-05-31,USDCNH.FX:close,6.6773,wsd,close
2022-06-01,USDCNH.FX:close,6.6982,wsd,close
2022-06-02,USDCNH.FX:close,6.654,wsd,close
2022-06-06,USDCNH.FX:close,6.6565,wsd,close
2022-06-07,USDCNH.FX:close,6.6713,wsd,close
2022-06-08,USDCNH.FX:close,6.7008,wsd,close
2022-06-09,USDCNH.FX:close,6.701,wsd,close
2022-06-10,USDCNH.FX:close,6.7313,wsd,close
2022-06-13,USDCNH.FX:close,6.7826,wsd,close
2022-06-14,USDCNH.FX:close,6.7565,wsd,close
2022-06-15,USDCNH.FX:close,6.6688,wsd,close
2022-06-16,USDCNH.FX:close,6.6835,wsd,close
2022-06-17,USDCNH.FX:close,6.7082,wsd,close
2022-06-20,USDCNH.FX:close,6.6902,wsd,close
2022-06-21,USDCNH.FX:close,6.6922,wsd,close
2022-06-22,USDCNH.FX:close,6.7104,wsd,close
2022-06-23,USDCNH.FX:close,6.6982,wsd,close
2022-06-24,USDCNH.FX:close,6.6826,wsd,close
2022-06-27,USDCNH.FX:close,6.6928,wsd,close
2022-06-28,USDCNH.FX:close,6.7026,wsd,close
2022-06-29,USDCNH.FX:close,6.7079,wsd,close
2022-06-30,USDCNH.FX:close,6.6938,wsd,close
2022-07-01,USDCNH.FX:close,6.6967,wsd,close
2022-07-04,USDCNH.FX:close,6.6939,wsd,close
2022-07-05,USDCNH.FX:close,6.7118,wsd,close
2022-07-06,USDCNH.FX:close,6.7171,wsd,close
2022-07-07,USDCNH.FX:close,6.693,wsd,close
2022-07-08,USDCNH.FX:close,6.6837,wsd,close
2022-07-11,USDCNH.FX:close,6.726,wsd,close
2022-07-12,USDCNH.FX:close,6.7365,wsd,close
2022-07-13,USDCNH.FX:close,6.7251,wsd,close
2022-07-14,USDCNH.FX:close,6.7644,wsd,close
2022-07-15,USDCNH.FX:close,6.7588,wsd,close
2022-07-18,USDCNH.FX:close,6.7601,wsd,close
2022-07-19,USDCNH.FX:close,6.7456,wsd,close
2022-07-20,USDCNH.FX:close,6.7753,wsd,close
2022-07-21,USDCNH.FX:close,6.7717,wsd,close
2022-07-22,USDCNH.FX:close,6.7585,wsd,close
2022-07-25,USDCNH.FX:close,6.7519,wsd,close
2022-07-26,USDCNH.FX:close,6.7679,wsd,close
2022-07-27,USDCNH.FX:close,6.7445,wsd,close
2022-07-28,USDCNH.FX:close,6.743,wsd,close
2022-07-29,USDCNH.FX:close,6.753,wsd,close
2022-08-01,USDCNH.FX:close,6.7843,wsd,close
2022-08-02,USDCNH.FX:close,6.7784,wsd,close
2022-08-03,USDCNH.FX:close,6.7595,wsd,close
2022-08-04,USDCNH.FX:close,6.7509,wsd,close
2022-08-05,USDCNH.FX:close,6.7672,wsd,close
2022-08-08,USDCNH.FX:close,6.7624,wsd,close
2022-08-09,USDCNH.FX:close,6.7553,wsd,close
2022-08-10,USDCNH.FX:close,6.7234,wsd,close
2022-08-11,USDCNH.FX:close,6.7439,wsd,close
2022-08-12,USDCNH.FX:close,6.7382,wsd,close
2022-08-15,USDCNH.FX:close,6.8163,wsd,close
2022-08-16,USDCNH.FX:close,6.7923,wsd,close
2022-08-17,USDCNH.FX:close,6.7919,wsd,close
2022-08-18,USDCNH.FX:close,6.8033,wsd,close
2022-08-19,USDCNH.FX:close,6.8364,wsd,close
2022-08-22,USDCNH.FX:close,6.8671,wsd,close
2022-08-23,USDCNH.FX:close,6.8546,wsd,close
2022-08-24,USDCNH.FX:close,6.8775,wsd,close
2022-08-25,USDCNH.FX:close,6.8515,wsd,close
2022-08-26,USDCNH.FX:close,6.8955,wsd,close
2022-08-29,USDCNH.FX:close,6.9155,wsd,close
2022-08-30,USDCNH.FX:close,6.9235,wsd,close
2022-08-31,USDCNH.FX:close,6.9069,wsd,close
2022-09-01,USDCNH.FX:close,6.9156,wsd,close
2022-09-02,USDCNH.FX:close,6.9186,wsd,close
2022-09-05,USDCNH.FX:close,6.9424,wsd,close
2022-09-06,USDCNH.FX:close,6.9703,wsd,close
2022-09-07,USDCNH.FX:close,6.957,wsd,close
2022-09-08,USDCNH.FX:close,6.961,wsd,close
2022-09-09,USDCNH.FX:close,6.9371,wsd,close
2022-09-13,USDCNH.FX:close,6.9821,wsd,close
2022-09-14,USDCNH.FX:close,6.973,wsd,close
2022-09-15,USDCNH.FX:close,7.0134,wsd,close
2022-09-16,USDCNH.FX:close,6.9985,wsd,close
2022-09-19,USDCNH.FX:close,7.0047,wsd,close
2022-09-20,USDCNH.FX:close,7.0304,wsd,close
2022-09-21,USDCNH.FX:close,7.0754,wsd,close
2022-09-22,USDCNH.FX:close,7.0817,wsd,close
2022-09-23,USDCNH.FX:close,7.1385,wsd,close
2022-09-26,USDCNH.FX:close,7.174,wsd,close
2022-09-27,USDCNH.FX:close,7.18,wsd,close
2022-09-28,USDCNH.FX:close,7.1623,wsd,close
2022-09-29,USDCNH.FX:close,7.098,wsd,close
2022-09-30,USDCNH.FX:close,7.1413,wsd,close
2022-10-10,USDCNH.FX:close,7.1536,wsd,close
2022-10-11,USDCNH.FX:close,7.1746,wsd,close
2022-10-12,USDCNH.FX:close,7.1746,wsd,close
2022-10-13,USDCNH.FX:close,7.1779,wsd,close
2022-10-14,USDCNH.FX:close,7.2173,wsd,close
2022-10-17,USDCNH.FX:close,7.2099,wsd,close
2022-10-18,USDCNH.FX:close,7.2238,wsd,close
2022-10-19,USDCNH.FX:close,7.2685,wsd,close
2022-10-20,USDCNH.FX:close,7.2559,wsd,close
2022-10-21,USDCNH.FX:close,7.2295,wsd,close
2022-10-24,USDCNH.FX:close,7.3267,wsd,close
2022-10-25,USDCNH.FX:close,7.3135,wsd,close
2022-10-26,USDCNH.FX:close,7.1871,wsd,close
2022-10-27,USDCNH.FX:close,7.2516,wsd,close
2022-10-28,USDCNH.FX:close,7.27,wsd,close
2022-10-31,USDCNH.FX:close,7.3367,wsd,close
2022-11-01,USDCNH.FX:close,7.3081,wsd,close
2022-11-02,USDCNH.FX:close,7.3437,wsd,close
2022-11-03,USDCNH.FX:close,7.3321,wsd,close
2022-11-04,USDCNH.FX:close,7.178,wsd,close
2022-11-07,USDCNH.FX:close,7.229,wsd,close
2022-11-08,USDCNH.FX:close,7.2284,wsd,close
2022-11-09,USDCNH.FX:close,7.2718,wsd,close
2022-11-10,USDCNH.FX:close,7.1526,wsd,close
2022-11-11,USDCNH.FX:close,7.0923,wsd,close
2022-11-14,USDCNH.FX:close,7.0417,wsd,close
2022-11-15,USDCNH.FX:close,7.0484,wsd,close
2022-11-16,USDCNH.FX:close,7.1078,wsd,close
2022-11-17,USDCNH.FX:close,7.1479,wsd,close
2022-11-18,USDCNH.FX:close,7.1254,wsd,close
2022-11-21,USDCNH.FX:close,7.1821,wsd,close
2022-11-22,USDCNH.FX:close,7.1368,wsd,close
2022-11-23,USDCNH.FX:close,7.1538,wsd,close
2022-11-24,USDCNH.FX:close,7.1695,wsd,close
2022-11-25,USDCNH.FX:close,7.1935,wsd,close
2022-11-28,USDCNH.FX:close,7.2474,wsd,close
2022-11-29,USDCNH.FX:close,7.1399,wsd,close
2022-11-30,USDCNH.FX:close,7.0458,wsd,close
2022-12-01,USDCNH.FX:close,7.037,wsd,close
2022-12-02,USDCNH.FX:close,7.0256,wsd,close
2022-12-05,USDCNH.FX:close,6.9755,wsd,close
2022-12-06,USDCNH.FX:close,6.9812,wsd,close
2022-12-07,USDCNH.FX:close,6.962,wsd,close
2022-12-08,USDCNH.FX:close,6.961,wsd,close
2022-12-09,USDCNH.FX:close,6.9737,wsd,close
2022-12-12,USDCNH.FX:close,6.9893,wsd,close
2022-12-13,USDCNH.FX:close,6.9636,wsd,close
2022-12-14,USDCNH.FX:close,6.942,wsd,close
2022-12-15,USDCNH.FX:close,6.9914,wsd,close
2022-12-16,USDCNH.FX:close,6.9776,wsd,close
2022-12-19,USDCNH.FX:close,6.9867,wsd,close
2022-12-20,USDCNH.FX:close,6.9606,wsd,close
2022-12-21,USDCNH.FX:close,6.9864,wsd,close
2022-12-22,USDCNH.FX:close,7.0095,wsd,close
2022-12-23,USDCNH.FX:close,7.0009,wsd,close
2022-12-26,USDCNH.FX:close,6.976,wsd,close
2022-12-27,USDCNH.FX:close,6.9674,wsd,close
2022-12-28,USDCNH.FX:close,6.9971,wsd,close
2022-12-29,USDCNH.FX:close,6.973,wsd,close
2022-12-30,USDCNH.FX:close,6.921,wsd,close
2023-01-03,USDCNH.FX:close,6.9241,wsd,close
2023-01-04,USDCNH.FX:close,6.9009,wsd,close
2023-01-05,USDCNH.FX:close,6.889,wsd,close
2023-01-06,USDCNH.FX:close,6.8288,wsd,close
2023-01-09,USDCNH.FX:close,6.78,wsd,close
2023-01-10,USDCNH.FX:close,6.7846,wsd,close
2023-01-11,USDCNH.FX:close,6.7666,wsd,close
2023-01-12,USDCNH.FX:close,6.7264,wsd,close
2023-01-13,USDCNH.FX:close,6.7076,wsd,close
2023-01-16,USDCNH.FX:close,6.743,wsd,close
2023-01-17,USDCNH.FX:close,6.7697,wsd,close
2023-01-18,USDCNH.FX:close,6.7693,wsd,close
2023-01-19,USDCNH.FX:close,6.7709,wsd,close
2023-01-20,USDCNH.FX:close,6.784,wsd,close
2023-01-30,USDCNH.FX:close,6.7563,wsd,close
2023-01-31,USDCNH.FX:close,6.7554,wsd,close
2023-02-01,USDCNH.FX:close,6.7186,wsd,close
2023-02-02,USDCNH.FX:close,6.7383,wsd,close
2023-02-03,USDCNH.FX:close,6.808,wsd,close
2023-02-06,USDCNH.FX:close,6.8023,wsd,close
2023-02-07,USDCNH.FX:close,6.7845,wsd,close
2023-02-08,USDCNH.FX:close,6.7963,wsd,close
2023-02-09,USDCNH.FX:close,6.7954,wsd,close
2023-02-10,USDCNH.FX:close,6.8234,wsd,close
2023-02-13,USDCNH.FX:close,6.824,wsd,close
2023-02-14,USDCNH.FX:close,6.8377,wsd,close
2023-02-15,USDCNH.FX:close,6.8632,wsd,close
2023-02-16,USDCNH.FX:close,6.8682,wsd,close
2023-02-17,USDCNH.FX:close,6.8743,wsd,close
2023-02-20,USDCNH.FX:close,6.8593,wsd,close
2023-02-21,USDCNH.FX:close,6.8873,wsd,close
2023-02-22,USDCNH.FX:close,6.9061,wsd,close
2023-02-23,USDCNH.FX:close,6.9172,wsd,close
2023-02-24,USDCNH.FX:close,6.98,wsd,close
2023-02-27,USDCNH.FX:close,6.9603,wsd,close
2023-02-28,USDCNH.FX:close,6.9547,wsd,close
2023-03-01,USDCNH.FX:close,6.8795,wsd,close
2023-03-02,USDCNH.FX:close,6.921,wsd,close
2023-03-03,USDCNH.FX:close,6.8972,wsd,close
2023-03-06,USDCNH.FX:close,6.9503,wsd,close
2023-03-07,USDCNH.FX:close,6.9941,wsd,close
2023-03-08,USDCNH.FX:close,6.9682,wsd,close
2023-03-09,USDCNH.FX:close,6.9762,wsd,close
2023-03-10,USDCNH.FX:close,6.9389,wsd,close
2023-03-13,USDCNH.FX:close,6.8551,wsd,close
2023-03-14,USDCNH.FX:close,6.8827,wsd,close
2023-03-15,USDCNH.FX:close,6.8929,wsd,close
2023-03-16,USDCNH.FX:close,6.8956,wsd,close
2023-03-17,USDCNH.FX:close,6.8898,wsd,close
2023-03-20,USDCNH.FX:close,6.8738,wsd,close
2023-03-21,USDCNH.FX:close,6.8766,wsd,close
2023-03-22,USDCNH.FX:close,6.8611,wsd,close
2023-03-23,USDCNH.FX:close,6.8299,wsd,close
2023-03-24,USDCNH.FX:close,6.8707,wsd,close
2023-03-27,USDCNH.FX:close,6.8826,wsd,close
2023-03-28,USDCNH.FX:close,6.8788,wsd,close
2023-03-29,USDCNH.FX:close,6.8956,wsd,close
2023-03-30,USDCNH.FX:close,6.8746,wsd,close
2023-03-31,USDCNH.FX:close,6.8741,wsd,close
2023-04-03,USDCNH.FX:close,6.8761,wsd,close
2023-04-04,USDCNH.FX:close,6.8786,wsd,close
2023-04-06,USDCNH.FX:close,6.8821,wsd,close
2023-04-07,USDCNH.FX:close,6.8763,wsd,close
2023-04-10,USDCNH.FX:close,6.8928,wsd,close
2023-04-11,USDCNH.FX:close,6.8942,wsd,close
2023-04-12,USDCNH.FX:close,6.8825,wsd,close
2023-04-13,USDCNH.FX:close,6.8722,wsd,close
2023-04-14,USDCNH.FX:close,6.872,wsd,close
2023-04-17,USDCNH.FX:close,6.8834,wsd,close
2023-04-18,USDCNH.FX:close,6.8827,wsd,close
2023-04-19,USDCNH.FX:close,6.8952,wsd,close
2023-04-20,USDCNH.FX:close,6.8845,wsd,close
2023-04-21,USDCNH.FX:close,6.9005,wsd,close
2023-04-24,USDCNH.FX:close,6.9011,wsd,close
2023-04-25,USDCNH.FX:close,6.9409,wsd,close
2023-04-26,USDCNH.FX:close,6.9416,wsd,close
2023-04-27,USDCNH.FX:close,6.9305,wsd,close
2023-04-28,USDCNH.FX:close,6.9273,wsd,close
2023-05-04,USDCNH.FX:close,6.9164,wsd,close
2023-05-05,USDCNH.FX:close,6.9197,wsd,close
2023-05-08,USDCNH.FX:close,6.921,wsd,close
2023-05-09,USDCNH.FX:close,6.9244,wsd,close
2023-05-10,USDCNH.FX:close,6.9392,wsd,close
2023-05-11,USDCNH.FX:close,6.9599,wsd,close
2023-05-12,USDCNH.FX:close,6.971,wsd,close
2023-05-15,USDCNH.FX:close,6.9601,wsd,close
2023-05-16,USDCNH.FX:close,6.9989,wsd,close
2023-05-17,USDCNH.FX:close,7.008,wsd,close
2023-05-18,USDCNH.FX:close,7.0507,wsd,close
2023-05-19,USDCNH.FX:close,7.0242,wsd,close
2023-05-22,USDCNH.FX:close,7.0489,wsd,close
2023-05-23,USDCNH.FX:close,7.0649,wsd,close
2023-05-24,USDCNH.FX:close,7.0647,wsd,close
2023-05-25,USDCNH.FX:close,7.0923,wsd,close
2023-05-26,USDCNH.FX:close,7.0734,wsd,close
2023-05-29,USDCNH.FX:close,7.0845,wsd,close
2023-05-30,USDCNH.FX:close,7.0911,wsd,close
2023-05-31,USDCNH.FX:close,7.1192,wsd,close
2023-06-01,USDCNH.FX:close,7.1042,wsd,close
2023-06-02,USDCNH.FX:close,7.1103,wsd,close
2023-06-05,USDCNH.FX:close,7.1185,wsd,close
2023-06-06,USDCNH.FX:close,7.129,wsd,close
2023-06-07,USDCNH.FX:close,7.1472,wsd,close
2023-06-08,USDCNH.FX:close,7.1208,wsd,close
2023-06-09,USDCNH.FX:close,7.1443,wsd,close
2023-06-12,USDCNH.FX:close,7.156,wsd,close
2023-06-13,USDCNH.FX:close,7.1759,wsd,close
2023-06-14,USDCNH.FX:close,7.1757,wsd,close
2023-06-15,USDCNH.FX:close,7.1205,wsd,close
2023-06-16,USDCNH.FX:close,7.1282,wsd,close
2023-06-19,USDCNH.FX:close,7.1643,wsd,close
2023-06-20,USDCNH.FX:close,7.1824,wsd,close
2023-06-21,USDCNH.FX:close,7.1766,wsd,close
2023-06-26,USDCNH.FX:close,7.2454,wsd,close
2023-06-27,USDCNH.FX:close,7.2239,wsd,close
2023-06-28,USDCNH.FX:close,7.2431,wsd,close
2023-06-29,USDCNH.FX:close,7.2688,wsd,close
2023-06-30,USDCNH.FX:close,7.2677,wsd,close
2023-07-03,USDCNH.FX:close,7.2544,wsd,close
2023-07-04,USDCNH.FX:close,7.2298,wsd,close
2023-07-05,USDCNH.FX:close,7.262,wsd,close
2023-07-06,USDCNH.FX:close,7.2559,wsd,close
2023-07-07,USDCNH.FX:close,7.2321,wsd,close
2023-07-10,USDCNH.FX:close,7.2292,wsd,close
2023-07-11,USDCNH.FX:close,7.2141,wsd,close
2023-07-12,USDCNH.FX:close,7.1664,wsd,close
2023-07-13,USDCNH.FX:close,7.1504,wsd,close
2023-07-14,USDCNH.FX:close,7.1579,wsd,close
2023-07-17,USDCNH.FX:close,7.1786,wsd,close
2023-07-18,USDCNH.FX:close,7.1926,wsd,close
2023-07-19,USDCNH.FX:close,7.2321,wsd,close
2023-07-20,USDCNH.FX:close,7.1749,wsd,close
2023-07-21,USDCNH.FX:close,7.1895,wsd,close
2023-07-24,USDCNH.FX:close,7.1857,wsd,close
2023-07-25,USDCNH.FX:close,7.1373,wsd,close
2023-07-26,USDCNH.FX:close,7.1531,wsd,close
2023-07-27,USDCNH.FX:close,7.1715,wsd,close
2023-07-28,USDCNH.FX:close,7.1534,wsd,close
2023-07-31,USDCNH.FX:close,7.1464,wsd,close
2023-08-01,USDCNH.FX:close,7.1853,wsd,close
2023-08-02,USDCNH.FX:close,7.2026,wsd,close
2023-08-03,USDCNH.FX:close,7.1814,wsd,close
2023-08-04,USDCNH.FX:close,7.1883,wsd,close
2023-08-07,USDCNH.FX:close,7.2031,wsd,close
2023-08-08,USDCNH.FX:close,7.2373,wsd,close
2023-08-09,USDCNH.FX:close,7.227,wsd,close
2023-08-10,USDCNH.FX:close,7.2431,wsd,close
2023-08-11,USDCNH.FX:close,7.2609,wsd,close
2023-08-14,USDCNH.FX:close,7.2773,wsd,close
2023-08-15,USDCNH.FX:close,7.3237,wsd,close
2023-08-16,USDCNH.FX:close,7.3364,wsd,close
2023-08-17,USDCNH.FX:close,7.3026,wsd,close
2023-08-18,USDCNH.FX:close,7.3077,wsd,close
2023-08-21,USDCNH.FX:close,7.2884,wsd,close
2023-08-22,USDCNH.FX:close,7.3065,wsd,close
2023-08-23,USDCNH.FX:close,7.2866,wsd,close
2023-08-24,USDCNH.FX:close,7.2809,wsd,close
2023-08-25,USDCNH.FX:close,7.2949,wsd,close
2023-08-28,USDCNH.FX:close,7.2933,wsd,close
2023-08-29,USDCNH.FX:close,7.2831,wsd,close
2023-08-30,USDCNH.FX:close,7.3032,wsd,close
2023-08-31,USDCNH.FX:close,7.2753,wsd,close
2023-09-01,USDCNH.FX:close,7.2707,wsd,close
2023-09-04,USDCNH.FX:close,7.2754,wsd,close
2023-09-05,USDCNH.FX:close,7.3044,wsd,close
2023-09-06,USDCNH.FX:close,7.3206,wsd,close
2023-09-07,USDCNH.FX:close,7.342,wsd,close
2023-09-08,USDCNH.FX:close,7.365,wsd,close
2023-09-11,USDCNH.FX:close,7.3026,wsd,close
2023-09-12,USDCNH.FX:close,7.3017,wsd,close
2023-09-13,USDCNH.FX:close,7.2718,wsd,close
2023-09-14,USDCNH.FX:close,7.29,wsd,close
2023-09-15,USDCNH.FX:close,7.2807,wsd,close
2023-09-18,USDCNH.FX:close,7.2912,wsd,close
2023-09-19,USDCNH.FX:close,7.3037,wsd,close
2023-09-20,USDCNH.FX:close,7.3071,wsd,close
2023-09-21,USDCNH.FX:close,7.3142,wsd,close
2023-09-22,USDCNH.FX:close,7.2987,wsd,close
2023-09-25,USDCNH.FX:close,7.3167,wsd,close
2023-09-26,USDCNH.FX:close,7.3101,wsd,close
2023-09-27,USDCNH.FX:close,7.3226,wsd,close
2023-09-28,USDCNH.FX:close,7.2948,wsd,close
2023-10-09,USDCNH.FX:close,7.2925,wsd,close
2023-10-10,USDCNH.FX:close,7.2863,wsd,close
2023-10-11,USDCNH.FX:close,7.3017,wsd,close
2023-10-12,USDCNH.FX:close,7.3098,wsd,close
2023-10-13,USDCNH.FX:close,7.3129,wsd,close
2023-10-16,USDCNH.FX:close,7.3085,wsd,close
2023-10-17,USDCNH.FX:close,7.3258,wsd,close
2023-10-18,USDCNH.FX:close,7.3276,wsd,close
2023-10-19,USDCNH.FX:close,7.3366,wsd,close
2023-10-20,USDCNH.FX:close,7.3286,wsd,close
2023-10-23,USDCNH.FX:close,7.3103,wsd,close
2023-10-24,USDCNH.FX:close,7.3135,wsd,close
2023-10-25,USDCNH.FX:close,7.3302,wsd,close
2023-10-26,USDCNH.FX:close,7.3245,wsd,close
2023-10-27,USDCNH.FX:close,7.3337,wsd,close
2023-10-30,USDCNH.FX:close,7.3252,wsd,close
2023-10-31,USDCNH.FX:close,7.3426,wsd,close
2023-11-01,USDCNH.FX:close,7.3352,wsd,close
2023-11-02,USDCNH.FX:close,7.3282,wsd,close
2023-11-03,USDCNH.FX:close,7.2883,wsd,close
2023-11-06,USDCNH.FX:close,7.2812,wsd,close
2023-11-07,USDCNH.FX:close,7.2822,wsd,close
2023-11-08,USDCNH.FX:close,7.287,wsd,close
2023-11-09,USDCNH.FX:close,7.2985,wsd,close
2023-11-10,USDCNH.FX:close,7.3072,wsd,close
2023-11-13,USDCNH.FX:close,7.293,wsd,close
2023-11-14,USDCNH.FX:close,7.2518,wsd,close
2023-11-15,USDCNH.FX:close,7.2578,wsd,close
2023-11-16,USDCNH.FX:close,7.2469,wsd,close
2023-11-17,USDCNH.FX:close,7.2176,wsd,close
2023-11-20,USDCNH.FX:close,7.1643,wsd,close
2023-11-21,USDCNH.FX:close,7.1433,wsd,close
2023-11-22,USDCNH.FX:close,7.1647,wsd,close
2023-11-23,USDCNH.FX:close,7.1524,wsd,close
2023-11-24,USDCNH.FX:close,7.1483,wsd,close
2023-11-27,USDCNH.FX:close,7.1594,wsd,close
2023-11-28,USDCNH.FX:close,7.1331,wsd,close
2023-11-29,USDCNH.FX:close,7.143,wsd,close
2023-11-30,USDCNH.FX:close,7.1444,wsd,close
2023-12-01,USDCNH.FX:close,7.124,wsd,close
2023-12-04,USDCNH.FX:close,7.1494,wsd,close
2023-12-05,USDCNH.FX:close,7.1734,wsd,close
2023-12-06,USDCNH.FX:close,7.1743,wsd,close
2023-12-07,USDCNH.FX:close,7.164,wsd,close
2023-12-08,USDCNH.FX:close,7.1854,wsd,close
2023-12-11,USDCNH.FX:close,7.1936,wsd,close
2023-12-12,USDCNH.FX:close,7.1943,wsd,close
2023-12-13,USDCNH.FX:close,7.1376,wsd,close
2023-12-14,USDCNH.FX:close,7.1248,wsd,close
2023-12-15,USDCNH.FX:close,7.1346,wsd,close
2023-12-18,USDCNH.FX:close,7.1432,wsd,close
2023-12-19,USDCNH.FX:close,7.1234,wsd,close
2023-12-20,USDCNH.FX:close,7.1511,wsd,close
2023-12-21,USDCNH.FX:close,7.1416,wsd,close
2023-12-22,USDCNH.FX:close,7.1532,wsd,close
2023-12-25,USDCNH.FX:close,7.148,wsd,close
2023-12-26,USDCNH.FX:close,7.1425,wsd,close
2023-12-27,USDCNH.FX:close,7.1514,wsd,close
2023-12-28,USDCNH.FX:close,7.1194,wsd,close
2023-12-29,USDCNH.FX:close,7.1248,wsd,close
2024-01-02,USDCNH.FX:close,7.151,wsd,close
2024-01-03,USDCNH.FX:close,7.1664,wsd,close
2024-01-04,USDCNH.FX:close,7.1773,wsd,close
2024-01-05,USDCNH.FX:close,7.1657,wsd,close
2024-01-08,USDCNH.FX:close,7.1621,wsd,close
2024-01-09,USDCNH.FX:close,7.1842,wsd,close
2024-01-10,USDCNH.FX:close,7.1833,wsd,close
2024-01-11,USDCNH.FX:close,7.1747,wsd,close
2024-01-12,USDCNH.FX:close,7.1897,wsd,close
2024-01-15,USDCNH.FX:close,7.1862,wsd,close
2024-01-16,USDCNH.FX:close,7.219,wsd,close
2024-01-17,USDCNH.FX:close,7.222,wsd,close
2024-01-18,USDCNH.FX:close,7.2175,wsd,close
2024-01-19,USDCNH.FX:close,7.2035,wsd,close
2024-01-22,USDCNH.FX:close,7.1936,wsd,close
2024-01-23,USDCNH.FX:close,7.1675,wsd,close
2024-01-24,USDCNH.FX:close,7.1623,wsd,close
2024-01-25,USDCNH.FX:close,7.1804,wsd,close
2024-01-26,USDCNH.FX:close,7.1885,wsd,close
2024-01-29,USDCNH.FX:close,7.1877,wsd,close
2024-01-30,USDCNH.FX:close,7.188,wsd,close
2024-01-31,USDCNH.FX:close,7.1864,wsd,close
2024-02-01,USDCNH.FX:close,7.1878,wsd,close
2024-02-02,USDCNH.FX:close,7.2161,wsd,close
2024-02-05,USDCNH.FX:close,7.22,wsd,close
2024-02-06,USDCNH.FX:close,7.2015,wsd,close
2024-02-07,USDCNH.FX:close,7.2127,wsd,close
2024-02-08,USDCNH.FX:close,7.2155,wsd,close
2024-02-19,USDCNH.FX:close,7.2113,wsd,close
2024-02-20,USDCNH.FX:close,7.2014,wsd,close
2024-02-21,USDCNH.FX:close,7.1995,wsd,close
2024-02-22,USDCNH.FX:close,7.202,wsd,close
2024-02-23,USDCNH.FX:close,7.2057,wsd,close
2024-02-26,USDCNH.FX:close,7.2112,wsd,close
2024-02-27,USDCNH.FX:close,7.2139,wsd,close
2024-02-28,USDCNH.FX:close,7.214,wsd,close
2024-02-29,USDCNH.FX:close,7.207,wsd,close
2024-03-01,USDCNH.FX:close,7.21,wsd,close
2024-03-04,USDCNH.FX:close,7.2101,wsd,close
2024-03-05,USDCNH.FX:close,7.2119,wsd,close
2024-03-06,USDCNH.FX:close,7.2103,wsd,close
2024-03-07,USDCNH.FX:close,7.2003,wsd,close
2024-03-08,USDCNH.FX:close,7.2008,wsd,close
2024-03-11,USDCNH.FX:close,7.1802,wsd,close
2024-03-12,USDCNH.FX:close,7.1869,wsd,close
2024-03-13,USDCNH.FX:close,7.1936,wsd,close
2024-03-14,USDCNH.FX:close,7.2025,wsd,close
2024-03-15,USDCNH.FX:close,7.2064,wsd,close
2024-03-18,USDCNH.FX:close,7.2061,wsd,close
2024-03-19,USDCNH.FX:close,7.2118,wsd,close
2024-03-20,USDCNH.FX:close,7.2112,wsd,close
2024-03-21,USDCNH.FX:close,7.2218,wsd,close
2024-03-22,USDCNH.FX:close,7.2762,wsd,close
2024-03-25,USDCNH.FX:close,7.2529,wsd,close
2024-03-26,USDCNH.FX:close,7.2487,wsd,close
2024-03-27,USDCNH.FX:close,7.2541,wsd,close
2024-03-28,USDCNH.FX:close,7.2621,wsd,close
2024-03-29,USDCNH.FX:close,7.2575,wsd,close
2024-04-01,USDCNH.FX:close,7.2594,wsd,close
2024-04-02,USDCNH.FX:close,7.2543,wsd,close
2024-04-03,USDCNH.FX:close,7.2489,wsd,close
2024-04-08,USDCNH.FX:close,7.2422,wsd,close
2024-04-09,USDCNH.FX:close,7.2381,wsd,close
2024-04-10,USDCNH.FX:close,7.2625,wsd,close
2024-04-11,USDCNH.FX:close,7.2558,wsd,close
2024-04-12,USDCNH.FX:close,7.2673,wsd,close
2024-04-15,USDCNH.FX:close,7.2592,wsd,close
2024-04-16,USDCNH.FX:close,7.2645,wsd,close
2024-04-17,USDCNH.FX:close,7.2446,wsd,close
2024-04-18,USDCNH.FX:close,7.2495,wsd,close
2024-04-19,USDCNH.FX:close,7.2509,wsd,close
2024-04-22,USDCNH.FX:close,7.2512,wsd,close
2024-04-23,USDCNH.FX:close,7.2605,wsd,close
2024-04-24,USDCNH.FX:close,7.273,wsd,close
2024-04-25,USDCNH.FX:close,7.2555,wsd,close
2024-04-26,USDCNH.FX:close,7.2688,wsd,close
2024-04-29,USDCNH.FX:close,7.2442,wsd,close
2024-04-30,USDCNH.FX:close,7.255,wsd,close
2024-05-06,USDCNH.FX:close,7.2144,wsd,close
2024-05-07,USDCNH.FX:close,7.2252,wsd,close
2024-05-08,USDCNH.FX:close,7.2295,wsd,close
2024-05-09,USDCNH.FX:close,7.2224,wsd,close
2024-05-10,USDCNH.FX:close,7.2344,wsd,close
2024-05-13,USDCNH.FX:close,7.2397,wsd,close
2024-05-14,USDCNH.FX:close,7.2401,wsd,close
2024-05-15,USDCNH.FX:close,7.2178,wsd,close
2024-05-16,USDCNH.FX:close,7.2236,wsd,close
2024-05-17,USDCNH.FX:close,7.2337,wsd,close
2024-05-20,USDCNH.FX:close,7.2471,wsd,close
2024-05-21,USDCNH.FX:close,7.2468,wsd,close
2024-05-22,USDCNH.FX:close,7.2549,wsd,close
2024-05-23,USDCNH.FX:close,7.2579,wsd,close
2024-05-24,USDCNH.FX:close,7.2618,wsd,close
2024-05-27,USDCNH.FX:close,7.2591,wsd,close
2024-05-28,USDCNH.FX:close,7.2633,wsd,close
2024-05-29,USDCNH.FX:close,7.2732,wsd,close
2024-05-30,USDCNH.FX:close,7.2529,wsd,close
2024-05-31,USDCNH.FX:close,7.2632,wsd,close
2024-06-03,USDCNH.FX:close,7.2518,wsd,close
2024-06-04,USDCNH.FX:close,7.2478,wsd,close
2024-06-05,USDCNH.FX:close,7.259,wsd,close
2024-06-06,USDCNH.FX:close,7.2597,wsd,close
2024-06-07,USDCNH.FX:close,7.2632,wsd,close
2024-06-11,USDCNH.FX:close,7.2716,wsd,close
2024-06-12,USDCNH.FX:close,7.2628,wsd,close
2024-06-13,USDCNH.FX:close,7.2703,wsd,close
2024-06-14,USDCNH.FX:close,7.271,wsd,close
2024-06-17,USDCNH.FX:close,7.2704,wsd,close
2024-06-18,USDCNH.FX:close,7.2712,wsd,close
2024-06-19,USDCNH.FX:close,7.2812,wsd,close
2024-06-20,USDCNH.FX:close,7.2908,wsd,close
2024-06-21,USDCNH.FX:close,7.2905,wsd,close
2024-06-24,USDCNH.FX:close,7.2834,wsd,close
2024-06-25,USDCNH.FX:close,7.2896,wsd,close
2024-06-26,USDCNH.FX:close,7.3011,wsd,close
2024-06-27,USDCNH.FX:close,7.303,wsd,close
2024-06-28,USDCNH.FX:close,7.2996,wsd,close
2024-07-01,USDCNH.FX:close,7.305,wsd,close
2024-07-02,USDCNH.FX:close,7.308,wsd,close
2024-07-03,USDCNH.FX:close,7.3031,wsd,close
2024-07-04,USDCNH.FX:close,7.295,wsd,close
2024-07-05,USDCNH.FX:close,7.2894,wsd,close
2024-07-08,USDCNH.FX:close,7.2857,wsd,close
2024-07-09,USDCNH.FX:close,7.2886,wsd,close
2024-07-10,USDCNH.FX:close,7.2926,wsd,close
2024-07-11,USDCNH.FX:close,7.2677,wsd,close
2024-07-12,USDCNH.FX:close,7.2723,wsd,close
2024-07-15,USDCNH.FX:close,7.2742,wsd,close
2024-07-16,USDCNH.FX:close,7.2892,wsd,close
2024-07-17,USDCNH.FX:close,7.2721,wsd,close
2024-07-18,USDCNH.FX:close,7.2769,wsd,close
2024-07-19,USDCNH.FX:close,7.2857,wsd,close
2024-07-22,USDCNH.FX:close,7.2962,wsd,close
2024-07-23,USDCNH.FX:close,7.2895,wsd,close
2024-07-24,USDCNH.FX:close,7.2632,wsd,close
2024-07-25,USDCNH.FX:close,7.2403,wsd,close
2024-07-26,USDCNH.FX:close,7.2633,wsd,close
2024-07-29,USDCNH.FX:close,7.2716,wsd,close
2024-07-30,USDCNH.FX:close,7.2442,wsd,close
2024-07-31,USDCNH.FX:close,7.2266,wsd,close
2024-08-01,USDCNH.FX:close,7.2517,wsd,close
2024-08-02,USDCNH.FX:close,7.1658,wsd,close
2024-08-05,USDCNH.FX:close,7.1375,wsd,close
2024-08-06,USDCNH.FX:close,7.1592,wsd,close
2024-08-07,USDCNH.FX:close,7.1735,wsd,close
2024-08-08,USDCNH.FX:close,7.1848,wsd,close
2024-08-09,USDCNH.FX:close,7.1747,wsd,close
2024-08-12,USDCNH.FX:close,7.1782,wsd,close
2024-08-13,USDCNH.FX:close,7.1476,wsd,close
2024-08-14,USDCNH.FX:close,7.1471,wsd,close
2024-08-15,USDCNH.FX:close,7.1795,wsd,close
2024-08-16,USDCNH.FX:close,7.1631,wsd,close
2024-08-19,USDCNH.FX:close,7.1336,wsd,close
2024-08-20,USDCNH.FX:close,7.1171,wsd,close
2024-08-21,USDCNH.FX:close,7.1328,wsd,close
2024-08-22,USDCNH.FX:close,7.1468,wsd,close
2024-08-23,USDCNH.FX:close,7.1161,wsd,close
2024-08-26,USDCNH.FX:close,7.1231,wsd,close
2024-08-27,USDCNH.FX:close,7.1211,wsd,close
2024-08-28,USDCNH.FX:close,7.1333,wsd,close
2024-08-29,USDCNH.FX:close,7.0947,wsd,close
2024-08-30,USDCNH.FX:close,7.0904,wsd,close
2024-09-02,USDCNH.FX:close,7.1166,wsd,close
2024-09-03,USDCNH.FX:close,7.1209,wsd,close
2024-09-04,USDCNH.FX:close,7.1129,wsd,close
2024-09-05,USDCNH.FX:close,7.0908,wsd,close
2024-09-06,USDCNH.FX:close,7.0944,wsd,close
2024-09-09,USDCNH.FX:close,7.1201,wsd,close
2024-09-10,USDCNH.FX:close,7.1354,wsd,close
2024-09-11,USDCNH.FX:close,7.1295,wsd,close
2024-09-12,USDCNH.FX:close,7.1191,wsd,close
2024-09-13,USDCNH.FX:close,7.1009,wsd,close
2024-09-18,USDCNH.FX:close,7.0952,wsd,close
2024-09-19,USDCNH.FX:close,7.071,wsd,close
2024-09-20,USDCNH.FX:close,7.0417,wsd,close
2024-09-23,USDCNH.FX:close,7.0622,wsd,close
2024-09-24,USDCNH.FX:close,7.0109,wsd,close
2024-09-25,USDCNH.FX:close,7.0327,wsd,close
2024-09-26,USDCNH.FX:close,6.973,wsd,close
2024-09-27,USDCNH.FX:close,6.9814,wsd,close
2024-09-30,USDCNH.FX:close,7.0066,wsd,close
2024-10-08,USDCNH.FX:close,7.074,wsd,close
2024-10-09,USDCNH.FX:close,7.0936,wsd,close
2024-10-10,USDCNH.FX:close,7.0832,wsd,close
2024-10-11,USDCNH.FX:close,7.0704,wsd,close
2024-10-14,USDCNH.FX:close,7.0958,wsd,close
2024-10-15,USDCNH.FX:close,7.1366,wsd,close
2024-10-16,USDCNH.FX:close,7.1363,wsd,close
2024-10-17,USDCNH.FX:close,7.1375,wsd,close
2024-10-18,USDCNH.FX:close,7.1181,wsd,close
2024-10-21,USDCNH.FX:close,7.1361,wsd,close
2024-10-22,USDCNH.FX:close,7.1352,wsd,close
2024-10-23,USDCNH.FX:close,7.1357,wsd,close
2024-10-24,USDCNH.FX:close,7.1244,wsd,close
2024-10-25,USDCNH.FX:close,7.1351,wsd,close
2024-10-28,USDCNH.FX:close,7.145,wsd,close
2024-10-29,USDCNH.FX:close,7.1429,wsd,close
2024-10-30,USDCNH.FX:close,7.1253,wsd,close
2024-10-31,USDCNH.FX:close,7.1217,wsd,close
2024-11-01,USDCNH.FX:close,7.1385,wsd,close
2024-11-04,USDCNH.FX:close,7.1113,wsd,close
2024-11-05,USDCNH.FX:close,7.1021,wsd,close
2024-11-06,USDCNH.FX:close,7.2039,wsd,close
2024-11-07,USDCNH.FX:close,7.1499,wsd,close
2024-11-08,USDCNH.FX:close,7.199,wsd,close
2024-11-11,USDCNH.FX:close,7.2275,wsd,close
2024-11-12,USDCNH.FX:close,7.2429,wsd,close
2024-11-13,USDCNH.FX:close,7.2431,wsd,close
2024-11-14,USDCNH.FX:close,7.2523,wsd,close
2024-11-15,USDCNH.FX:close,7.2361,wsd,close
2024-11-18,USDCNH.FX:close,7.226,wsd,close
2024-11-19,USDCNH.FX:close,7.2345,wsd,close
2024-11-20,USDCNH.FX:close,7.2505,wsd,close
2024-11-21,USDCNH.FX:close,7.2552,wsd,close
2024-11-22,USDCNH.FX:close,7.2597,wsd,close
2024-11-25,USDCNH.FX:close,7.2461,wsd,close
2024-11-26,USDCNH.FX:close,7.2576,wsd,close
2024-11-27,USDCNH.FX:close,7.2451,wsd,close
2024-11-28,USDCNH.FX:close,7.2498,wsd,close
2024-11-29,USDCNH.FX:close,7.2482,wsd,close
2024-12-02,USDCNH.FX:close,7.2866,wsd,close
2024-12-03,USDCNH.FX:close,7.2998,wsd,close
2024-12-04,USDCNH.FX:close,7.2773,wsd,close
2024-12-05,USDCNH.FX:close,7.2635,wsd,close
2024-12-06,USDCNH.FX:close,7.2839,wsd,close
2024-12-09,USDCNH.FX:close,7.2678,wsd,close
2024-12-10,USDCNH.FX:close,7.2581,wsd,close
2024-12-11,USDCNH.FX:close,7.2799,wsd,close
2024-12-12,USDCNH.FX:close,7.2753,wsd,close
2024-12-13,USDCNH.FX:close,7.2795,wsd,close
2024-12-16,USDCNH.FX:close,7.2926,wsd,close
2024-12-17,USDCNH.FX:close,7.288,wsd,close
2024-12-18,USDCNH.FX:close,7.3247,wsd,close
2024-12-19,USDCNH.FX:close,7.3091,wsd,close
2024-12-20,USDCNH.FX:close,7.2926,wsd,close
2024-12-23,USDCNH.FX:close,7.3079,wsd,close
2024-12-24,USDCNH.FX:close,7.3065,wsd,close
2024-12-25,USDCNH.FX:close,7.303,wsd,close
2024-12-26,USDCNH.FX:close,7.3031,wsd,close
2024-12-27,USDCNH.FX:close,7.3006,wsd,close
2024-12-30,USDCNH.FX:close,7.3146,wsd,close
2024-12-31,USDCNH.FX:close,7.3371,wsd,close
2025-01-02,USDCNH.FX:close,7.3403,wsd,close
2025-01-03,USDCNH.FX:close,7.3582,wsd,close
2025-01-06,USDCNH.FX:close,7.346,wsd,close
2025-01-07,USDCNH.FX:close,7.3406,wsd,close
2025-01-08,USDCNH.FX:close,7.3538,wsd,close
2025-01-09,USDCNH.FX:close,7.3563,wsd,close
2025-01-10,USDCNH.FX:close,7.3635,wsd,close
2025-01-13,USDCNH.FX:close,7.3478,wsd,close
2025-01-14,USDCNH.FX:close,7.3444,wsd,close
2025-01-15,USDCNH.FX:close,7.3492,wsd,close
2025-01-16,USDCNH.FX:close,7.3464,wsd,close
2025-01-17,USDCNH.FX:close,7.341,wsd,close
2025-01-20,USDCNH.FX:close,7.263,wsd,close
2025-01-21,USDCNH.FX:close,7.2675,wsd,close
2025-01-22,USDCNH.FX:close,7.2817,wsd,close
2025-01-23,USDCNH.FX:close,7.2878,wsd,close
2025-01-24,USDCNH.FX:close,7.2443,wsd,close
2025-01-27,USDCNH.FX:close,7.2517,wsd,close
2025-02-05,USDCNH.FX:close,7.2831,wsd,close
2025-02-06,USDCNH.FX:close,7.2888,wsd,close
2025-02-07,USDCNH.FX:close,7.3038,wsd,close
2025-02-10,USDCNH.FX:close,7.3113,wsd,close
2025-02-11,USDCNH.FX:close,7.3101,wsd,close
2025-02-12,USDCNH.FX:close,7.3101,wsd,close
2025-02-13,USDCNH.FX:close,7.2703,wsd,close
2025-02-14,USDCNH.FX:close,7.2594,wsd,close
2025-02-17,USDCNH.FX:close,7.2589,wsd,close
2025-02-18,USDCNH.FX:close,7.2756,wsd,close
2025-02-19,USDCNH.FX:close,7.2849,wsd,close
2025-02-20,USDCNH.FX:close,7.2365,wsd,close
2025-02-21,USDCNH.FX:close,7.2524,wsd,close
2025-02-24,USDCNH.FX:close,7.2542,wsd,close
2025-02-25,USDCNH.FX:close,7.2547,wsd,close
2025-02-26,USDCNH.FX:close,7.2666,wsd,close
2025-02-27,USDCNH.FX:close,7.302,wsd,close
2025-02-28,USDCNH.FX:close,7.295,wsd,close
2025-03-03,USDCNH.FX:close,7.3026,wsd,close
2025-03-04,USDCNH.FX:close,7.255,wsd,close
2025-03-05,USDCNH.FX:close,7.2357,wsd,close
2025-03-06,USDCNH.FX:close,7.2437,wsd,close
2025-03-07,USDCNH.FX:close,7.2435,wsd,close
2025-03-10,USDCNH.FX:close,7.2633,wsd,close
2025-03-11,USDCNH.FX:close,7.2269,wsd,close
2025-03-12,USDCNH.FX:close,7.2403,wsd,close
2025-03-13,USDCNH.FX:close,7.2485,wsd,close
2025-03-14,USDCNH.FX:close,7.2382,wsd,close
2025-03-17,USDCNH.FX:close,7.2262,wsd,close
2025-03-18,USDCNH.FX:close,7.2274,wsd,close
2025-03-19,USDCNH.FX:close,7.2295,wsd,close
2025-03-20,USDCNH.FX:close,7.2517,wsd,close
2025-03-21,USDCNH.FX:close,7.2579,wsd,close
2025-03-24,USDCNH.FX:close,7.2636,wsd,close
2025-03-25,USDCNH.FX:close,7.2658,wsd,close
2025-03-26,USDCNH.FX:close,7.279,wsd,close
2025-03-27,USDCNH.FX:close,7.2676,wsd,close
2025-03-28,USDCNH.FX:close,7.2697,wsd,close
2025-03-31,USDCNH.FX:close,7.2652,wsd,close
2025-04-01,USDCNH.FX:close,7.2815,wsd,close
2025-04-02,USDCNH.FX:close,7.2964,wsd,close
2025-04-03,USDCNH.FX:close,7.2806,wsd,close
2025-04-07,USDCNH.FX:close,7.345,wsd,close
2025-04-08,USDCNH.FX:close,7.4278,wsd,close
2025-04-09,USDCNH.FX:close,7.347,wsd,close
2025-04-10,USDCNH.FX:close,7.3118,wsd,close
2025-04-11,USDCNH.FX:close,7.2813,wsd,close
2025-04-14,USDCNH.FX:close,7.3121,wsd,close
2025-04-15,USDCNH.FX:close,7.3298,wsd,close
2025-04-16,USDCNH.FX:close,7.2995,wsd,close
2025-04-17,USDCNH.FX:close,7.3022,wsd,close
2025-04-18,USDCNH.FX:close,7.3037,wsd,close
2025-04-21,USDCNH.FX:close,7.2928,wsd,close
2025-04-22,USDCNH.FX:close,7.3114,wsd,close
2025-04-23,USDCNH.FX:close,7.2875,wsd,close
2025-04-24,USDCNH.FX:close,7.2879,wsd,close
2025-04-25,USDCNH.FX:close,7.2889,wsd,close
2025-04-28,USDCNH.FX:close,7.285,wsd,close
2025-04-29,USDCNH.FX:close,7.2687,wsd,close
2025-04-30,USDCNH.FX:close,7.2689,wsd,close
2025-05-06,USDCNH.FX:close,7.208,wsd,close
2025-05-07,USDCNH.FX:close,7.2283,wsd,close
2025-05-08,USDCNH.FX:close,7.2437,wsd,close
2025-05-09,USDCNH.FX:close,7.2402,wsd,close
2025-05-12,USDCNH.FX:close,7.1996,wsd,close
2025-05-13,USDCNH.FX:close,7.1968,wsd,close
2025-05-14,USDCNH.FX:close,7.2114,wsd,close
2025-05-15,USDCNH.FX:close,7.2045,wsd,close
2025-05-16,USDCNH.FX:close,7.2098,wsd,close
2025-05-19,USDCNH.FX:close,7.2143,wsd,close
2025-05-20,USDCNH.FX:close,7.214,wsd,close
2025-05-21,USDCNH.FX:close,7.204,wsd,close
2025-05-22,USDCNH.FX:close,7.2049,wsd,close
2025-05-23,USDCNH.FX:close,7.1722,wsd,close
2025-05-26,USDCNH.FX:close,7.1769,wsd,close
2025-05-27,USDCNH.FX:close,7.1917,wsd,close
2025-05-28,USDCNH.FX:close,7.1927,wsd,close
2025-05-29,USDCNH.FX:close,7.1893,wsd,close
2025-05-30,USDCNH.FX:close,7.2065,wsd,close
2025-06-03,USDCNH.FX:close,7.1924,wsd,close
2025-06-04,USDCNH.FX:close,7.1717,wsd,close
2025-06-05,USDCNH.FX:close,7.1755,wsd,close
2025-06-06,USDCNH.FX:close,7.1885,wsd,close
2025-06-09,USDCNH.FX:close,7.1828,wsd,close
2025-06-10,USDCNH.FX:close,7.1892,wsd,close
2025-06-11,USDCNH.FX:close,7.1986,wsd,close
2025-06-12,USDCNH.FX:close,7.1731,wsd,close
2025-06-13,USDCNH.FX:close,7.1896,wsd,close
2025-06-16,USDCNH.FX:close,7.1834,wsd,close
2025-06-17,USDCNH.FX:close,7.1923,wsd,close
2025-06-18,USDCNH.FX:close,7.1944,wsd,close
2025-06-19,USDCNH.FX:close,7.1869,wsd,close
2025-06-20,USDCNH.FX:close,7.1794,wsd,close
2025-06-23,USDCNH.FX:close,7.1754,wsd,close
2025-06-24,USDCNH.FX:close,7.1644,wsd,close
2025-06-25,USDCNH.FX:close,7.172,wsd,close
2025-06-26,USDCNH.FX:close,7.1637,wsd,close
2025-06-27,USDCNH.FX:close,7.1729,wsd,close
2025-06-30,USDCNH.FX:close,7.1575,wsd,close
2025-07-01,USDCNH.FX:close,7.1614,wsd,close
2025-07-02,USDCNH.FX:close,7.1617,wsd,close
2025-07-03,USDCNH.FX:close,7.1701,wsd,close
2025-07-04,USDCNH.FX:close,7.1646,wsd,close
2025-07-07,USDCNH.FX:close,7.1796,wsd,close
2025-07-08,USDCNH.FX:close,7.1806,wsd,close
2025-07-09,USDCNH.FX:close,7.1853,wsd,close
2025-07-10,USDCNH.FX:close,7.1783,wsd,close
2025-07-11,USDCNH.FX:close,7.1736,wsd,close
2025-07-14,USDCNH.FX:close,7.1722,wsd,close
2025-07-15,USDCNH.FX:close,7.1846,wsd,close
2025-07-16,USDCNH.FX:close,7.1802,wsd,close
2025-07-17,USDCNH.FX:close,7.1847,wsd,close
2025-07-18,USDCNH.FX:close,7.181,wsd,close
2025-07-21,USDCNH.FX:close,7.1709,wsd,close
2025-07-22,USDCNH.FX:close,7.1705,wsd,close
2025-07-23,USDCNH.FX:close,7.152,wsd,close
2025-07-24,USDCNH.FX:close,7.1555,wsd,close
2025-07-25,USDCNH.FX:close,7.1681,wsd,close
2025-07-28,USDCNH.FX:close,7.1835,wsd,close
2025-07-29,USDCNH.FX:close,7.1808,wsd,close
2025-07-30,USDCNH.FX:close,7.2123,wsd,close
2025-07-31,USDCNH.FX:close,7.2096,wsd,close
2025-08-01,USDCNH.FX:close,7.1929,wsd,close
2025-08-04,USDCNH.FX:close,7.1835,wsd,close
2025-08-05,USDCNH.FX:close,7.1886,wsd,close
2025-08-06,USDCNH.FX:close,7.1848,wsd,close
2025-08-07,USDCNH.FX:close,7.1805,wsd,close
2025-08-08,USDCNH.FX:close,7.189,wsd,close
2025-08-11,USDCNH.FX:close,7.1962,wsd,close
2025-08-12,USDCNH.FX:close,7.1856,wsd,close
2025-08-13,USDCNH.FX:close,7.1815,wsd,close
2025-08-14,USDCNH.FX:close,7.1823,wsd,close
2025-08-15,USDCNH.FX:close,7.1891,wsd,close
2025-08-18,USDCNH.FX:close,7.1877,wsd,close
2025-08-19,USDCNH.FX:close,7.1882,wsd,close
2025-08-20,USDCNH.FX:close,7.1815,wsd,close
2025-08-21,USDCNH.FX:close,7.1833,wsd,close
2025-08-22,USDCNH.FX:close,7.1712,wsd,close
2025-08-25,USDCNH.FX:close,7.1581,wsd,close
2025-08-26,USDCNH.FX:close,7.1534,wsd,close
2025-08-27,USDCNH.FX:close,7.1523,wsd,close
2025-08-28,USDCNH.FX:close,7.1209,wsd,close
2025-08-29,USDCNH.FX:close,7.1221,wsd,close
2025-09-01,USDCNH.FX:close,7.1351,wsd,close
2025-09-02,USDCNH.FX:close,7.1385,wsd,close
2025-09-03,USDCNH.FX:close,7.1397,wsd,close
2025-09-04,USDCNH.FX:close,7.1372,wsd,close
2025-09-05,USDCNH.FX:close,7.1263,wsd,close
2025-09-08,USDCNH.FX:close,7.1226,wsd,close
2025-09-09,USDCNH.FX:close,7.1232,wsd,close
2025-09-10,USDCNH.FX:close,7.1202,wsd,close
2025-09-11,USDCNH.FX:close,7.1129,wsd,close
2025-09-12,USDCNH.FX:close,7.1237,wsd,close
2025-09-15,USDCNH.FX:close,7.1191,wsd,close
2025-09-16,USDCNH.FX:close,7.1041,wsd,close
2025-09-17,USDCNH.FX:close,7.1023,wsd,close
2025-09-18,USDCNH.FX:close,7.1087,wsd,close
2025-09-19,USDCNH.FX:close,7.1196,wsd,close
2025-09-22,USDCNH.FX:close,7.1157,wsd,close
2025-09-23,USDCNH.FX:close,7.1136,wsd,close
2025-09-24,USDCNH.FX:close,7.1379,wsd,close
2025-09-25,USDCNH.FX:close,7.1452,wsd,close
2025-09-26,USDCNH.FX:close,7.1413,wsd,close
2025-09-29,USDCNH.FX:close,7.1294,wsd,close
2025-09-30,USDCNH.FX:close,7.1287,wsd,close
2025-10-09,USDCNH.FX:close,7.138,wsd,close
2025-10-10,USDCNH.FX:close,7.1478,wsd,close
2025-10-13,USDCNH.FX:close,7.1382,wsd,close
2025-10-14,USDCNH.FX:close,7.14,wsd,close
2025-10-15,USDCNH.FX:close,7.1301,wsd,close
2025-10-16,USDCNH.FX:close,7.1246,wsd,close
2025-10-17,USDCNH.FX:close,7.1269,wsd,close
2025-10-20,USDCNH.FX:close,7.1241,wsd,close
2025-10-21,USDCNH.FX:close,7.1269,wsd,close
2025-10-22,USDCNH.FX:close,7.1257,wsd,close
2025-10-23,USDCNH.FX:close,7.1249,wsd,close
2025-10-24,USDCNH.FX:close,7.1262,wsd,close
2025-10-27,USDCNH.FX:close,7.1091,wsd,close
2025-10-28,USDCNH.FX:close,7.0959,wsd,close
2025-10-29,USDCNH.FX:close,7.0968,wsd,close
2025-10-30,USDCNH.FX:close,7.111,wsd,close
2025-10-31,USDCNH.FX:close,7.1224,wsd,close
2025-11-03,USDCNH.FX:close,7.1257,wsd,close
2025-11-04,USDCNH.FX:close,7.1352,wsd,close
2025-11-05,USDCNH.FX:close,7.1312,wsd,close
2025-11-06,USDCNH.FX:close,7.1209,wsd,close
2025-11-07,USDCNH.FX:close,7.1252,wsd,close
2025-11-10,USDCNH.FX:close,7.1216,wsd,close
2025-11-11,USDCNH.FX:close,7.1225,wsd,close
2025-11-12,USDCNH.FX:close,7.1125,wsd,close
2025-11-13,USDCNH.FX:close,7.0974,wsd,close
2025-11-14,USDCNH.FX:close,7.1001,wsd,close
2025-11-17,USDCNH.FX:close,7.1082,wsd,close
2025-11-18,USDCNH.FX:close,7.1108,wsd,close
2025-11-19,USDCNH.FX:close,7.1183,wsd,close
2025-11-20,USDCNH.FX:close,7.1178,wsd,close
2025-11-21,USDCNH.FX:close,7.1054,wsd,close
2025-11-24,USDCNH.FX:close,7.1068,wsd,close
2025-11-25,USDCNH.FX:close,7.0829,wsd,close
2025-11-26,USDCNH.FX:close,7.0691,wsd,close
2025-11-27,USDCNH.FX:close,7.0742,wsd,close
2025-11-28,USDCNH.FX:close,7.0713,wsd,close
2025-12-01,USDCNH.FX:close,7.072,wsd,close
2025-12-02,USDCNH.FX:close,7.067,wsd,close
2025-12-03,USDCNH.FX:close,7.0583,wsd,close
2025-12-04,USDCNH.FX:close,7.0713,wsd,close
2025-12-05,USDCNH.FX:close,7.0691,wsd,close
2025-12-08,USDCNH.FX:close,7.0719,wsd,close
2025-12-09,USDCNH.FX:close,7.0602,wsd,close
2025-12-10,USDCNH.FX:close,7.0604,wsd,close
2025-12-11,USDCNH.FX:close,7.0511,wsd,close
2025-12-12,USDCNH.FX:close,7.0535,wsd,close
2025-12-15,USDCNH.FX:close,7.0434,wsd,close
2025-12-16,USDCNH.FX:close,7.0361,wsd,close
2025-12-17,USDCNH.FX:close,7.04,wsd,close
2025-12-18,USDCNH.FX:close,7.0335,wsd,close
2025-12-19,USDCNH.FX:close,7.0336,wsd,close
2025-12-22,USDCNH.FX:close,7.0336,wsd,close
2025-12-23,USDCNH.FX:close,7.0336,wsd,close
2025-12-24,USDCNH.FX:close,7.0336,wsd,close
2025-12-25,USDCNH.FX:close,7.0336,wsd,close
2025-12-26,USDCNH.FX:close,7.0336,wsd,close
2025-12-29,USDCNH.FX:close,7.0336,wsd,close
2025-12-30,USDCNH.FX:close,7.0336,wsd,close
2025-12-31,USDCNH.FX:close,7.0336,wsd,close
